x1,x2,x3,x4,x5,distance
-52,-53,-54,-44,-50,2
-53,-54,-44,-50,-47,2
-54,-44,-50,-47,-46,2
-44,-50,-47,-46,-47,2
-50,-47,-46,-47,-44,2
-47,-46,-47,-44,-47,2
-46,-47,-44,-47,-52,2
-47,-44,-47,-52,-46,2
-44,-47,-52,-46,-46,2
-47,-52,-46,-46,-45,2
-52,-46,-46,-45,-44,2
-46,-46,-45,-44,-52,2
-46,-45,-44,-52,-47,2
-45,-44,-52,-47,-54,2
-44,-52,-47,-54,-46,2
-52,-47,-54,-46,-46,2
-47,-54,-46,-46,-49,2
-54,-46,-46,-49,-47,2
-46,-46,-49,-47,-46,2
-46,-49,-47,-46,-54,2
-49,-47,-46,-54,-45,2
-47,-46,-54,-45,-54,2
-46,-54,-45,-54,-46,2
-54,-45,-54,-46,-45,2
-45,-54,-46,-45,-52,2
-54,-46,-45,-52,-45,2
-46,-45,-52,-45,-46,2
-45,-52,-45,-46,-44,2
-52,-45,-46,-44,-52,2
-45,-46,-44,-52,-46,2
-46,-44,-52,-46,-53,2
-44,-52,-46,-53,-46,2
-52,-46,-53,-46,-46,2
-46,-53,-46,-46,-46,2
-53,-46,-46,-46,-46,2
-46,-46,-46,-46,-46,2
-46,-46,-46,-46,-46,2
-46,-46,-46,-46,-53,2
-46,-46,-46,-53,-46,2
-46,-46,-53,-46,-47,2
-46,-53,-46,-47,-45,2
-53,-46,-47,-45,-49,2
-46,-47,-45,-49,-46,2
-47,-45,-49,-46,-54,2
-45,-49,-46,-54,-53,2
-49,-46,-54,-53,-52,2
-46,-54,-53,-52,-53,2
-54,-53,-52,-53,-45,2
-53,-52,-53,-45,-46,2
-52,-53,-45,-46,-54,2
-53,-45,-46,-54,-44,2
-45,-46,-54,-44,-47,2
-46,-54,-44,-47,-46,2
-54,-44,-47,-46,-44,2
-44,-47,-46,-44,-53,2
-47,-46,-44,-53,-47,2
-46,-44,-53,-47,-47,2
-44,-53,-47,-47,-45,2
-53,-47,-47,-45,-53,2
-47,-47,-45,-53,-54,2
-47,-45,-53,-54,-50,2
-45,-53,-54,-50,-50,2
-53,-54,-50,-50,-45,2
-54,-50,-50,-45,-54,2
-50,-50,-45,-54,-44,2
-50,-45,-54,-44,-47,2
-45,-54,-44,-47,-47,2
-54,-44,-47,-47,-54,2
-44,-47,-47,-54,-44,2
-47,-47,-54,-44,-54,2
-47,-54,-44,-54,-44,2
-54,-44,-54,-44,-42,2
-44,-54,-44,-42,-54,2
-54,-44,-42,-54,-43,2
-44,-42,-54,-43,-45,2
-42,-54,-43,-45,-44,2
-54,-43,-45,-44,-46,2
-43,-45,-44,-46,-46,2
-45,-44,-46,-46,-49,2
-44,-46,-46,-49,-54,2
-46,-46,-49,-54,-44,2
-46,-49,-54,-44,-44,2
-49,-54,-44,-44,-54,2
-54,-44,-44,-54,-44,2
-44,-44,-54,-44,-53,2
-44,-54,-44,-53,-54,2
-54,-44,-53,-54,-45,2
-44,-53,-54,-45,-44,2
-53,-54,-45,-44,-44,2
-54,-45,-44,-44,-45,2
-45,-44,-44,-45,-48,2
-44,-44,-45,-48,-45,2
-44,-45,-48,-45,-54,2
-45,-48,-45,-54,-46,2
-48,-45,-54,-46,-47,2
-45,-54,-46,-47,-52,2
-54,-46,-47,-52,-50,2
-46,-47,-52,-50,-44,2
-47,-52,-50,-44,-44,2
-52,-50,-44,-44,-44,2
-50,-44,-44,-44,-46,2
-44,-44,-44,-46,-46,2
-44,-44,-46,-46,-52,2
-44,-46,-46,-52,-54,2
-46,-46,-52,-54,-43,2
-46,-52,-54,-43,-44,2
-52,-54,-43,-44,-47,2
-54,-43,-44,-47,-54,2
-43,-44,-47,-54,-44,2
-44,-47,-54,-44,-44,2
-47,-54,-44,-44,-45,2
-54,-44,-44,-45,-47,2
-44,-44,-45,-47,-45,2
-44,-45,-47,-45,-44,2
-45,-47,-45,-44,-49,2
-47,-45,-44,-49,-54,2
-45,-44,-49,-54,-53,2
-44,-49,-54,-53,-53,2
-49,-54,-53,-53,-47,2
-54,-53,-53,-47,-54,2
-53,-53,-47,-54,-45,2
-53,-47,-54,-45,-53,2
-47,-54,-45,-53,-46,2
-54,-45,-53,-46,-46,2
-45,-53,-46,-46,-46,2
-53,-46,-46,-46,-45,2
-46,-46,-46,-45,-46,2
-46,-46,-45,-46,-46,2
-46,-45,-46,-46,-47,2
-45,-46,-46,-47,-49,2
-46,-46,-47,-49,-44,2
-46,-47,-49,-44,-45,2
-47,-49,-44,-45,-46,2
-49,-44,-45,-46,-54,2
-44,-45,-46,-54,-46,2
-45,-46,-54,-46,-53,2
-46,-54,-46,-53,-47,2
-54,-46,-53,-47,-54,2
-46,-53,-47,-54,-44,2
-53,-47,-54,-44,-46,2
-47,-54,-44,-46,-47,2
-54,-44,-46,-47,-46,2
-44,-46,-47,-46,-46,2
-46,-47,-46,-46,-45,2
-47,-46,-46,-45,-47,2
-46,-46,-45,-47,-53,2
-46,-45,-47,-53,-45,2
-45,-47,-53,-45,-46,2
-47,-53,-45,-46,-45,2
-53,-45,-46,-45,-46,2
-45,-46,-45,-46,-53,2
-46,-45,-46,-53,-45,2
-45,-46,-53,-45,-47,2
-46,-53,-45,-47,-45,2
-53,-45,-47,-45,-46,2
-45,-47,-45,-46,-45,2
-47,-45,-46,-45,-49,2
-45,-46,-45,-49,-48,2
-46,-45,-49,-48,-47,2
-45,-49,-48,-47,-46,2
-49,-48,-47,-46,-44,2
-48,-47,-46,-44,-44,2
-47,-46,-44,-44,-49,2
-46,-44,-44,-49,-46,2
-44,-44,-49,-46,-44,2
-44,-49,-46,-44,-54,2
-49,-46,-44,-54,-49,2
-46,-44,-54,-49,-54,2
-44,-54,-49,-54,-46,2
-54,-49,-54,-46,-45,2
-49,-54,-46,-45,-54,2
-54,-46,-45,-54,-54,2
-46,-45,-54,-54,-44,2
-45,-54,-54,-44,-46,2
-54,-54,-44,-46,-46,2
-54,-44,-46,-46,-54,2
-44,-46,-46,-54,-54,2
-46,-46,-54,-54,-44,2
-46,-54,-54,-44,-47,2
-54,-54,-44,-47,-53,2
-54,-44,-47,-53,-53,2
-44,-47,-53,-53,-54,2
-47,-53,-53,-54,-52,2
-53,-53,-54,-52,-44,2
-53,-54,-52,-44,-45,2
-54,-52,-44,-45,-54,2
-52,-44,-45,-54,-45,2
-44,-45,-54,-45,-54,2
-45,-54,-45,-54,-53,2
-54,-45,-54,-53,-47,2
-45,-54,-53,-47,-44,2
-54,-53,-47,-44,-54,2
-53,-47,-44,-54,-47,2
-47,-44,-54,-47,-43,2
-44,-54,-47,-43,-43,2
-54,-47,-43,-43,-45,2
-47,-43,-43,-45,-53,2
-43,-43,-45,-53,-54,2
-43,-45,-53,-54,-46,2
-45,-53,-54,-46,-48,2
-53,-54,-46,-48,-46,2
-54,-46,-48,-46,-44,2
-46,-48,-46,-44,-46,2
-48,-46,-44,-46,-47,2
-46,-44,-46,-47,-46,2
-44,-46,-47,-46,-45,2
-46,-47,-46,-45,-53,2
-47,-46,-45,-53,-53,2
-46,-45,-53,-53,-53,2
-45,-53,-53,-53,-54,2
-53,-53,-53,-54,-47,2
-53,-53,-54,-47,-45,2
-53,-54,-47,-45,-44,2
-54,-47,-45,-44,-50,2
-47,-45,-44,-50,-44,2
-45,-44,-50,-44,-49,2
-44,-50,-44,-49,-50,2
-50,-44,-49,-50,-47,2
-44,-49,-50,-47,-44,2
-49,-50,-47,-44,-53,2
-50,-47,-44,-53,-54,2
-47,-44,-53,-54,-47,2
-44,-53,-54,-47,-44,2
-53,-54,-47,-44,-53,2
-54,-47,-44,-53,-46,2
-47,-44,-53,-46,-47,2
-44,-53,-46,-47,-46,2
-53,-46,-47,-46,-44,2
-46,-47,-46,-44,-46,2
-47,-46,-44,-46,-44,2
-46,-44,-46,-44,-50,2
-44,-46,-44,-50,-45,2
-46,-44,-50,-45,-43,2
-44,-50,-45,-43,-46,2
-50,-45,-43,-46,-46,2
-45,-43,-46,-46,-44,2
-43,-46,-46,-44,-45,2
-46,-46,-44,-45,-46,2
-46,-44,-45,-46,-46,2
-44,-45,-46,-46,-46,2
-45,-46,-46,-46,-46,2
-46,-46,-46,-46,-45,2
-46,-46,-46,-45,-46,2
-46,-46,-45,-46,-53,2
-46,-45,-46,-53,-44,2
-45,-46,-53,-44,-48,2
-46,-53,-44,-48,-45,2
-53,-44,-48,-45,-47,2
-44,-48,-45,-47,-53,2
-48,-45,-47,-53,-46,2
-45,-47,-53,-46,-47,2
-47,-53,-46,-47,-49,2
-53,-46,-47,-49,-46,2
-46,-47,-49,-46,-47,2
-47,-49,-46,-47,-54,2
-49,-46,-47,-54,-44,2
-46,-47,-54,-44,-46,2
-47,-54,-44,-46,-47,2
-54,-44,-46,-47,-48,2
-44,-46,-47,-48,-46,2
-46,-47,-48,-46,-46,2
-47,-48,-46,-46,-46,2
-48,-46,-46,-46,-48,2
-46,-46,-46,-48,-44,2
-46,-46,-48,-44,-53,2
-46,-48,-44,-53,-54,2
-48,-44,-53,-54,-46,2
-44,-53,-54,-46,-46,2
-53,-54,-46,-46,-46,2
-54,-46,-46,-46,-46,2
-46,-46,-46,-46,-54,2
-46,-46,-46,-54,-46,2
-46,-46,-54,-46,-47,2
-46,-54,-46,-47,-48,2
-54,-46,-47,-48,-45,2
-46,-47,-48,-45,-47,2
-47,-48,-45,-47,-46,2
-48,-45,-47,-46,-53,2
-45,-47,-46,-53,-46,2
-47,-46,-53,-46,-45,2
-46,-53,-46,-45,-45,2
-53,-46,-45,-45,-46,2
-46,-45,-45,-46,-44,2
-45,-45,-46,-44,-46,2
-45,-46,-44,-46,-46,2
-46,-44,-46,-46,-47,2
-44,-46,-46,-47,-54,2
-46,-46,-47,-54,-46,2
-46,-47,-54,-46,-54,2
-47,-54,-46,-54,-44,2
-54,-46,-54,-44,-48,2
-46,-54,-44,-48,-53,2
-54,-44,-48,-53,-46,2
-44,-48,-53,-46,-50,2
-48,-53,-46,-50,-46,2
-53,-46,-50,-46,-53,2
-46,-50,-46,-53,-52,2
-50,-46,-53,-52,-46,2
-46,-53,-52,-46,-53,2
-53,-52,-46,-53,-45,2
-52,-46,-53,-45,-47,2
-46,-53,-45,-47,-47,2
-53,-45,-47,-47,-46,2
-45,-47,-47,-46,-46,2
-47,-47,-46,-46,-44,2
-47,-46,-46,-44,-46,2
-46,-46,-44,-46,-44,2
-46,-44,-46,-44,-49,2
-44,-46,-44,-49,-45,2
-46,-44,-49,-45,-46,2
-44,-49,-45,-46,-44,2
-49,-45,-46,-44,-46,2
-45,-46,-44,-46,-54,2
-46,-44,-46,-54,-44,2
-44,-46,-54,-44,-54,2
-46,-54,-44,-54,-47,2
-54,-44,-54,-47,-45,2
-44,-54,-47,-45,-46,2
-54,-47,-45,-46,-54,2
-47,-45,-46,-54,-46,2
-45,-46,-54,-46,-50,2
-46,-54,-46,-50,-53,2
-54,-46,-50,-53,-44,2
-46,-50,-53,-44,-53,2
-50,-53,-44,-53,-54,2
-53,-44,-53,-54,-49,2
-44,-53,-54,-49,-54,2
-53,-54,-49,-54,-47,2
-54,-49,-54,-47,-46,2
-49,-54,-47,-46,-51,2
-53,-51,-49,-58,-53,2
-51,-49,-58,-53,-53,2
-49,-58,-53,-53,-52,2
-58,-53,-53,-52,-58,2
-53,-53,-52,-58,-52,2
-53,-52,-58,-52,-53,2
-52,-58,-52,-53,-48,2
-58,-52,-53,-48,-55,2
-52,-53,-48,-55,-49,2
-53,-48,-55,-49,-49,2
-48,-55,-49,-49,-48,2
-55,-49,-49,-48,-53,2
-49,-49,-48,-53,-49,2
-49,-48,-53,-49,-47,2
-48,-53,-49,-47,-45,2
-53,-49,-47,-45,-53,2
-49,-47,-45,-53,-58,2
-47,-45,-53,-58,-58,2
-45,-53,-58,-58,-53,2
-53,-58,-58,-53,-53,2
-58,-58,-53,-53,-52,2
-58,-53,-53,-52,-58,2
-53,-53,-52,-58,-53,2
-53,-52,-58,-53,-53,2
-52,-58,-53,-53,-52,2
-58,-53,-53,-52,-55,2
-53,-53,-52,-55,-53,2
-53,-52,-55,-53,-49,2
-52,-55,-53,-49,-52,2
-55,-53,-49,-52,-58,2
-53,-49,-52,-58,-53,2
-49,-52,-58,-53,-49,2
-52,-58,-53,-49,-52,2
-58,-53,-49,-52,-47,2
-53,-49,-52,-47,-49,2
-49,-52,-47,-49,-49,2
-52,-47,-49,-49,-48,2
-47,-49,-49,-48,-53,2
-49,-49,-48,-53,-49,2
-49,-48,-53,-49,-53,2
-48,-53,-49,-53,-58,2
-53,-49,-53,-58,-53,2
-49,-53,-58,-53,-58,2
-53,-58,-53,-58,-58,2
-58,-53,-58,-58,-53,2
-53,-58,-58,-53,-53,2
-58,-58,-53,-53,-58,2
-58,-53,-53,-58,-53,2
-53,-53,-58,-53,-58,2
-53,-58,-53,-58,-53,2
-58,-53,-58,-53,-55,2
-53,-58,-53,-55,-58,2
-58,-53,-55,-58,-49,2
-53,-55,-58,-49,-58,2
-55,-58,-49,-58,-49,2
-58,-49,-58,-49,-53,2
-49,-58,-49,-53,-53,2
-58,-49,-53,-53,-49,2
-49,-53,-53,-49,-60,2
-53,-53,-49,-60,-58,2
-53,-49,-60,-58,-53,2
-49,-60,-58,-53,-53,2
-60,-58,-53,-53,-49,2
-58,-53,-53,-49,-51,2
-53,-53,-49,-51,-53,2
-53,-49,-51,-53,-49,2
-49,-51,-53,-49,-58,2
-51,-53,-49,-58,-53,2
-53,-49,-58,-53,-51,2
-49,-58,-53,-51,-51,2
-58,-53,-51,-51,-49,2
-53,-51,-51,-49,-44,2
-51,-51,-49,-44,-53,2
-51,-49,-44,-53,-49,2
-49,-44,-53,-49,-58,2
-44,-53,-49,-58,-58,2
-53,-49,-58,-58,-49,2
-49,-58,-58,-49,-58,2
-58,-58,-49,-58,-58,2
-58,-49,-58,-58,-53,2
-49,-58,-58,-53,-49,2
-58,-58,-53,-49,-53,2
-58,-53,-49,-53,-59,2
-53,-49,-53,-59,-53,2
-49,-53,-59,-53,-53,2
-53,-59,-53,-53,-53,2
-59,-53,-53,-53,-58,2
-53,-53,-53,-58,-49,2
-53,-53,-58,-49,-51,2
-53,-58,-49,-51,-49,2
-58,-49,-51,-49,-49,2
-49,-51,-49,-49,-53,2
-51,-49,-49,-53,-49,2
-49,-49,-53,-49,-58,2
-49,-53,-49,-58,-53,2
-53,-49,-58,-53,-51,2
-49,-58,-53,-51,-53,2
-58,-53,-51,-53,-53,2
-53,-51,-53,-53,-49,2
-51,-53,-53,-49,-49,2
-53,-53,-49,-49,-55,2
-53,-49,-49,-55,-55,2
-49,-49,-55,-55,-55,2
-49,-55,-55,-55,-58,2
-55,-55,-55,-58,-53,2
-55,-55,-58,-53,-58,2
-55,-58,-53,-58,-51,2
-58,-53,-58,-51,-58,2
-53,-58,-51,-58,-58,2
-58,-51,-58,-58,-53,2
-51,-58,-58,-53,-58,2
-58,-58,-53,-58,-58,2
-58,-53,-58,-58,-49,2
-53,-58,-58,-49,-58,2
-58,-58,-49,-58,-58,2
-58,-49,-58,-58,-49,2
-49,-58,-58,-49,-49,2
-58,-58,-49,-49,-55,2
-58,-49,-49,-55,-58,2
-49,-49,-55,-58,-54,2
-49,-55,-58,-54,-49,2
-55,-58,-54,-49,-49,2
-58,-54,-49,-49,-58,2
-54,-49,-49,-58,-49,2
-49,-49,-58,-49,-53,2
-49,-58,-49,-53,-60,2
-58,-49,-53,-60,-53,2
-49,-53,-60,-53,-58,2
-53,-60,-53,-58,-54,2
-60,-53,-58,-54,-58,2
-53,-58,-54,-58,-51,2
-58,-54,-58,-51,-54,2
-54,-58,-51,-54,-49,2
-58,-51,-54,-49,-54,2
-51,-54,-49,-54,-49,2
-54,-49,-54,-49,-53,2
-49,-54,-49,-53,-52,2
-54,-49,-53,-52,-58,2
-49,-53,-52,-58,-51,2
-53,-52,-58,-51,-54,2
-52,-58,-51,-54,-53,2
-58,-51,-54,-53,-49,2
-51,-54,-53,-49,-54,2
-54,-53,-49,-54,-53,2
-53,-49,-54,-53,-53,2
-49,-54,-53,-53,-49,2
-54,-53,-53,-49,-58,2
-53,-53,-49,-58,-52,2
-53,-49,-58,-52,-53,2
-49,-58,-52,-53,-55,2
-58,-52,-53,-55,-53,2
-52,-53,-55,-53,-53,2
-53,-55,-53,-53,-58,2
-55,-53,-53,-58,-53,2
-53,-53,-58,-53,-53,2
-53,-58,-53,-53,-53,2
-58,-53,-53,-53,-59,2
-53,-53,-53,-59,-53,2
-53,-53,-59,-53,-49,2
-53,-59,-53,-49,-49,2
-59,-53,-49,-49,-55,2
-53,-49,-49,-55,-58,2
-49,-49,-55,-58,-53,2
-49,-55,-58,-53,-53,2
-55,-58,-53,-53,-58,2
-58,-53,-53,-58,-58,2
-53,-53,-58,-58,-53,2
-53,-58,-58,-53,-49,2
-58,-58,-53,-49,-58,2
-58,-53,-49,-58,-49,2
-53,-49,-58,-49,-49,2
-49,-58,-49,-49,-56,2
-58,-49,-49,-56,-58,2
-49,-49,-56,-58,-58,2
-49,-56,-58,-58,-49,2
-56,-58,-58,-49,-54,2
-58,-58,-49,-54,-51,2
-58,-49,-54,-51,-53,2
-49,-54,-51,-53,-49,2
-54,-51,-53,-49,-51,2
-51,-53,-49,-51,-49,2
-53,-49,-51,-49,-52,2
-49,-51,-49,-52,-49,2
-51,-49,-52,-49,-49,2
-49,-52,-49,-49,-56,2
-52,-49,-49,-56,-49,2
-49,-49,-56,-49,-55,2
-49,-56,-49,-55,-58,2
-56,-49,-55,-58,-49,2
-49,-55,-58,-49,-54,2
-55,-58,-49,-54,-54,2
-58,-49,-54,-54,-51,2
-49,-54,-54,-51,-47,2
-54,-54,-51,-47,-53,2
-54,-51,-47,-53,-58,2
-51,-47,-53,-58,-58,2
-47,-53,-58,-58,-49,2
-53,-58,-58,-49,-49,2
-58,-58,-49,-49,-53,2
-58,-49,-49,-53,-58,2
-49,-49,-53,-58,-54,2
-49,-53,-58,-54,-58,2
-53,-58,-54,-58,-53,2
-58,-54,-58,-53,-53,2
-54,-58,-53,-53,-52,2
-58,-53,-53,-52,-50,2
-53,-53,-52,-50,-60,2
-53,-52,-50,-60,-58,2
-52,-50,-60,-58,-58,2
-50,-60,-58,-58,-60,2
-60,-58,-58,-60,-53,2
-58,-58,-60,-53,-54,2
-58,-60,-53,-54,-52,2
-60,-53,-54,-52,-54,2
-53,-54,-52,-54,-54,2
-54,-52,-54,-54,-58,2
-52,-54,-54,-58,-58,2
-54,-54,-58,-58,-49,2
-54,-58,-58,-49,-54,2
-58,-58,-49,-54,-58,2
-58,-49,-54,-58,-54,2
-49,-54,-58,-54,-49,2
-54,-58,-54,-49,-53,2
-58,-54,-49,-53,-59,2
-54,-49,-53,-59,-61,2
-49,-53,-59,-61,-53,2
-53,-59,-61,-53,-54,2
-59,-61,-53,-54,-58,2
-61,-53,-54,-58,-58,2
-53,-54,-58,-58,-51,2
-54,-58,-58,-51,-54,2
-58,-58,-51,-54,-53,2
-58,-51,-54,-53,-49,2
-51,-54,-53,-49,-54,2
-54,-53,-49,-54,-46,2
-53,-49,-54,-46,-60,2
-49,-54,-46,-60,-49,2
-54,-46,-60,-49,-54,2
-46,-60,-49,-54,-58,2
-60,-49,-54,-58,-49,2
-49,-54,-58,-49,-58,2
-54,-58,-49,-58,-54,2
-58,-49,-58,-54,-49,2
-49,-58,-54,-49,-49,2
-58,-54,-49,-49,-49,2
-54,-49,-49,-49,-53,2
-49,-49,-49,-53,-53,2
-49,-49,-53,-53,-49,2
-49,-53,-53,-49,-53,2
-53,-53,-49,-53,-58,2
-53,-49,-53,-58,-49,2
-49,-53,-58,-49,-58,2
-53,-58,-49,-58,-53,2
-58,-49,-58,-53,-53,2
-49,-58,-53,-53,-49,2
-58,-53,-53,-49,-49,2
-53,-53,-49,-49,-58,2
-53,-49,-49,-58,-53,2
-49,-49,-58,-53,-58,2
-49,-58,-53,-58,-49,2
-58,-53,-58,-49,-49,2
-53,-58,-49,-49,-49,2
-58,-49,-49,-49,-60,2
-49,-49,-49,-60,-49,2
-49,-49,-60,-49,-54,2
-49,-60,-49,-54,-49,2
-60,-49,-54,-49,-51,2
-49,-54,-49,-51,-54,2
-54,-49,-51,-54,-53,2
-49,-51,-54,-53,-58,2
-51,-54,-53,-58,-49,2
-54,-53,-58,-49,-60,2
-53,-58,-49,-60,-53,2
-58,-49,-60,-53,-49,2
-49,-60,-53,-49,-58,2
-60,-53,-49,-58,-49,2
-53,-49,-58,-49,-53,2
-49,-58,-49,-53,-59,2
-58,-49,-53,-59,-53,2
-49,-53,-59,-53,-54,2
-53,-59,-53,-54,-58,2
-59,-53,-54,-58,-53,2
-53,-54,-58,-53,-54,2
-54,-58,-53,-54,-51,2
-58,-53,-54,-51,-54,2
-53,-54,-51,-54,-49,2
-54,-51,-54,-49,-59,2
-58,-57,-60,-44,-44,2
-57,-60,-44,-44,-40,2
-60,-44,-44,-40,-42,2
-44,-44,-40,-42,-42,2
-44,-40,-42,-42,-44,2
-40,-42,-42,-44,-40,2
-42,-42,-44,-40,-58,2
-42,-44,-40,-58,-49,2
-44,-40,-58,-49,-58,2
-40,-58,-49,-58,-60,2
-58,-49,-58,-60,-58,2
-49,-58,-60,-58,-49,2
-58,-60,-58,-49,-60,2
-60,-58,-49,-60,-60,2
-58,-49,-60,-60,-56,2
-49,-60,-60,-56,-58,2
-60,-60,-56,-58,-58,2
-60,-56,-58,-58,-44,2
-56,-58,-58,-44,-43,2
-58,-58,-44,-43,-50,2
-58,-44,-43,-50,-44,2
-44,-43,-50,-44,-44,2
-43,-50,-44,-44,-51,2
-50,-44,-44,-51,-42,2
-44,-44,-51,-42,-60,2
-44,-51,-42,-60,-43,2
-51,-42,-60,-43,-44,2
-42,-60,-43,-44,-41,2
-60,-43,-44,-41,-58,2
-43,-44,-41,-58,-41,2
-44,-41,-58,-41,-44,2
-41,-58,-41,-44,-60,2
-58,-41,-44,-60,-58,2
-41,-44,-60,-58,-44,2
-44,-60,-58,-44,-44,2
-60,-58,-44,-44,-44,2
-58,-44,-44,-44,-44,2
-44,-44,-44,-44,-60,2
-44,-44,-44,-60,-44,2
-44,-44,-60,-44,-44,2
-44,-60,-44,-44,-42,2
-60,-44,-44,-42,-44,2
-44,-44,-42,-44,-60,2
-44,-42,-44,-60,-58,2
-42,-44,-60,-58,-40,2
-44,-60,-58,-40,-41,2
-60,-58,-40,-41,-44,2
-58,-40,-41,-44,-60,2
-40,-41,-44,-60,-43,2
-41,-44,-60,-43,-51,2
-44,-60,-43,-51,-42,2
-60,-43,-51,-42,-44,2
-43,-51,-42,-44,-56,2
-51,-42,-44,-56,-58,2
-42,-44,-56,-58,-44,2
-44,-56,-58,-44,-44,2
-56,-58,-44,-44,-44,2
-58,-44,-44,-44,-43,2
-44,-44,-44,-43,-43,2
-44,-44,-43,-43,-53,2
-44,-43,-43,-53,-49,2
-43,-43,-53,-49,-43,2
-43,-53,-49,-43,-44,2
-53,-49,-43,-44,-41,2
-49,-43,-44,-41,-43,2
-43,-44,-41,-43,-43,2
-44,-41,-43,-43,-58,2
-41,-43,-43,-58,-40,2
-43,-43,-58,-40,-44,2
-43,-58,-40,-44,-44,2
-58,-40,-44,-44,-40,2
-40,-44,-44,-40,-60,2
-44,-44,-40,-60,-44,2
-44,-40,-60,-44,-42,2
-40,-60,-44,-42,-44,2
-60,-44,-42,-44,-44,2
-44,-42,-44,-44,-44,2
-42,-44,-44,-44,-58,2
-44,-44,-44,-58,-41,2
-44,-44,-58,-41,-44,2
-44,-58,-41,-44,-44,2
-58,-41,-44,-44,-44,2
-41,-44,-44,-44,-44,2
-44,-44,-44,-44,-42,2
-44,-44,-44,-42,-60,2
-44,-44,-42,-60,-44,2
-44,-42,-60,-44,-44,2
-42,-60,-44,-44,-42,2
-60,-44,-44,-42,-58,2
-44,-44,-42,-58,-43,2
-44,-42,-58,-43,-42,2
-42,-58,-43,-42,-44,2
-58,-43,-42,-44,-44,2
-43,-42,-44,-44,-50,2
-42,-44,-44,-50,-43,2
-44,-44,-50,-43,-44,2
-44,-50,-43,-44,-44,2
-50,-43,-44,-44,-44,2
-43,-44,-44,-44,-42,2
-44,-44,-44,-42,-43,2
-44,-44,-42,-43,-56,2
-44,-42,-43,-56,-49,2
-42,-43,-56,-49,-44,2
-43,-56,-49,-44,-44,2
-56,-49,-44,-44,-44,2
-49,-44,-44,-44,-44,2
-44,-44,-44,-44,-44,2
-44,-44,-44,-44,-40,2
-44,-44,-44,-40,-56,2
-44,-44,-40,-56,-43,2
-44,-40,-56,-43,-44,2
-40,-56,-43,-44,-44,2
-56,-43,-44,-44,-60,2
-43,-44,-44,-60,-59,2
-44,-44,-60,-59,-44,2
-44,-60,-59,-44,-44,2
-60,-59,-44,-44,-44,2
-59,-44,-44,-44,-44,2
-44,-44,-44,-44,-46,2
-44,-44,-44,-46,-59,2
-44,-44,-46,-59,-42,2
-44,-46,-59,-42,-58,2
-46,-59,-42,-58,-44,2
-59,-42,-58,-44,-58,2
-42,-58,-44,-58,-49,2
-58,-44,-58,-49,-51,2
-44,-58,-49,-51,-44,2
-58,-49,-51,-44,-58,2
-49,-51,-44,-58,-44,2
-51,-44,-58,-44,-49,2
-44,-58,-44,-49,-42,2
-58,-44,-49,-42,-42,2
-44,-49,-42,-42,-48,2
-49,-42,-42,-48,-42,2
-42,-42,-48,-42,-44,2
-42,-48,-42,-44,-44,2
-48,-42,-44,-44,-42,2
-42,-44,-44,-42,-44,2
-44,-44,-42,-44,-56,2
-44,-42,-44,-56,-42,2
-42,-44,-56,-42,-44,2
-44,-56,-42,-44,-40,2
-56,-42,-44,-40,-44,2
-42,-44,-40,-44,-41,2
-44,-40,-44,-41,-58,2
-40,-44,-41,-58,-44,2
-44,-41,-58,-44,-42,2
-41,-58,-44,-42,-56,2
-58,-44,-42,-56,-51,2
-44,-42,-56,-51,-43,2
-42,-56,-51,-43,-44,2
-56,-51,-43,-44,-42,2
-51,-43,-44,-42,-44,2
-43,-44,-42,-44,-60,2
-44,-42,-44,-60,-43,2
-42,-44,-60,-43,-59,2
-44,-60,-43,-59,-58,2
-60,-43,-59,-58,-42,2
-43,-59,-58,-42,-44,2
-59,-58,-42,-44,-60,2
-58,-42,-44,-60,-58,2
-42,-44,-60,-58,-43,2
-44,-60,-58,-43,-41,2
-60,-58,-43,-41,-59,2
-58,-43,-41,-59,-44,2
-43,-41,-59,-44,-57,2
-41,-59,-44,-57,-41,2
-59,-44,-57,-41,-44,2
-44,-57,-41,-44,-58,2
-57,-41,-44,-58,-42,2
-41,-44,-58,-42,-44,2
-44,-58,-42,-44,-44,2
-58,-42,-44,-44,-44,2
-42,-44,-44,-44,-44,2
-44,-44,-44,-44,-44,2
-44,-44,-44,-44,-43,2
-44,-44,-44,-43,-44,2
-44,-44,-43,-44,-49,2
-44,-43,-44,-49,-44,2
-43,-44,-49,-44,-51,2
-44,-49,-44,-51,-42,2
-49,-44,-51,-42,-51,2
-44,-51,-42,-51,-42,2
-51,-42,-51,-42,-44,2
-42,-51,-42,-44,-49,2
-51,-42,-44,-49,-56,2
-42,-44,-49,-56,-58,2
-44,-49,-56,-58,-56,2
-49,-56,-58,-56,-44,2
-56,-58,-56,-44,-41,2
-58,-56,-44,-41,-42,2
-56,-44,-41,-42,-44,2
-44,-41,-42,-44,-58,2
-41,-42,-44,-58,-41,2
-42,-44,-58,-41,-44,2
-44,-58,-41,-44,-44,2
-58,-41,-44,-44,-58,2
-41,-44,-44,-58,-44,2
-44,-44,-58,-44,-55,2
-44,-58,-44,-55,-43,2
-58,-44,-55,-43,-58,2
-44,-55,-43,-58,-44,2
-55,-43,-58,-44,-60,2
-43,-58,-44,-60,-44,2
-58,-44,-60,-44,-44,2
-44,-60,-44,-44,-53,2
-60,-44,-44,-53,-58,2
-44,-44,-53,-58,-44,2
-44,-53,-58,-44,-51,2
-53,-58,-44,-51,-42,2
-58,-44,-51,-42,-58,2
-44,-51,-42,-58,-44,2
-51,-42,-58,-44,-44,2
-42,-58,-44,-44,-60,2
-58,-44,-44,-60,-42,2
-44,-44,-60,-42,-44,2
-44,-60,-42,-44,-42,2
-60,-42,-44,-42,-41,2
-42,-44,-42,-41,-44,2
-44,-42,-41,-44,-49,2
-42,-41,-44,-49,-40,2
-41,-44,-49,-40,-50,2
-44,-49,-40,-50,-44,2
-49,-40,-50,-44,-51,2
-40,-50,-44,-51,-44,2
-50,-44,-51,-44,-49,2
-44,-51,-44,-49,-42,2
-51,-44,-49,-42,-44,2
-44,-49,-42,-44,-44,2
-49,-42,-44,-44,-48,2
-42,-44,-44,-48,-60,2
-44,-44,-48,-60,-58,2
-44,-48,-60,-58,-55,2
-48,-60,-58,-55,-60,2
-60,-58,-55,-60,-60,2
-58,-55,-60,-60,-44,2
-55,-60,-60,-44,-60,2
-60,-60,-44,-60,-51,2
-60,-44,-60,-51,-44,2
-44,-60,-51,-44,-44,2
-60,-51,-44,-44,-44,2
-51,-44,-44,-44,-58,2
-44,-44,-44,-58,-59,2
-44,-44,-58,-59,-44,2
-44,-58,-59,-44,-44,2
-58,-59,-44,-44,-49,2
-59,-44,-44,-49,-44,2
-44,-44,-49,-44,-42,2
-44,-49,-44,-42,-42,2
-49,-44,-42,-42,-58,2
-44,-42,-42,-58,-44,2
-42,-42,-58,-44,-58,2
-42,-58,-44,-58,-58,2
-58,-44,-58,-58,-44,2
-44,-58,-58,-44,-40,2
-58,-58,-44,-40,-42,2
-58,-44,-40,-42,-44,2
-44,-40,-42,-44,-44,2
-40,-42,-44,-44,-61,2
-42,-44,-44,-61,-58,2
-44,-44,-61,-58,-42,2
-44,-61,-58,-42,-44,2
-61,-58,-42,-44,-60,2
-58,-42,-44,-60,-40,2
-42,-44,-60,-40,-42,2
-44,-60,-40,-42,-41,2
-60,-40,-42,-41,-42,2
-40,-42,-41,-42,-49,2
-42,-41,-42,-49,-44,2
-41,-42,-49,-44,-43,2
-42,-49,-44,-43,-44,2
-49,-44,-43,-44,-44,2
-44,-43,-44,-44,-44,2
-43,-44,-44,-44,-60,2
-44,-44,-44,-60,-56,2
-44,-44,-60,-56,-41,2
-44,-60,-56,-41,-56,2
-60,-56,-41,-56,-52,2
-56,-41,-56,-52,-60,2
-41,-56,-52,-60,-44,2
-56,-52,-60,-44,-41,2
-52,-60,-44,-41,-56,2
-60,-44,-41,-56,-44,2
-44,-41,-56,-44,-44,2
-41,-40,-49,-39,-39,2
-40,-49,-39,-39,-38,2
-49,-39,-39,-38,-44,2
-39,-39,-38,-44,-39,2
-39,-38,-44,-39,-38,2
-38,-44,-39,-38,-49,2
-44,-39,-38,-49,-43,2
-39,-38,-49,-43,-39,2
-38,-49,-43,-39,-43,2
-49,-43,-39,-43,-44,2
-43,-39,-43,-44,-49,2
-39,-43,-44,-49,-39,2
-43,-44,-49,-39,-46,2
-44,-49,-39,-46,-39,2
-49,-39,-46,-39,-40,2
-39,-46,-39,-40,-39,2
-46,-39,-40,-39,-38,2
-39,-40,-39,-38,-40,2
-40,-39,-38,-40,-44,2
-39,-38,-40,-44,-47,2
-38,-40,-44,-47,-43,2
-40,-44,-47,-43,-40,2
-44,-47,-43,-40,-49,2
-47,-43,-40,-49,-44,2
-43,-40,-49,-44,-39,2
-40,-49,-44,-39,-44,2
-49,-44,-39,-44,-42,2
-44,-39,-44,-42,-37,2
-39,-44,-42,-37,-49,2
-44,-42,-37,-49,-39,2
-42,-37,-49,-39,-40,2
-37,-49,-39,-40,-40,2
-49,-39,-40,-40,-35,2
-39,-40,-40,-35,-41,2
-40,-40,-35,-41,-40,2
-40,-35,-41,-40,-41,2
-35,-41,-40,-41,-40,2
-41,-40,-41,-40,-49,2
-40,-41,-40,-49,-48,2
-41,-40,-49,-48,-40,2
-40,-49,-48,-40,-40,2
-49,-48,-40,-40,-39,2
-48,-40,-40,-39,-40,2
-40,-40,-39,-40,-41,2
-40,-39,-40,-41,-36,2
-39,-40,-41,-36,-49,2
-40,-41,-36,-49,-40,2
-41,-36,-49,-40,-47,2
-36,-49,-40,-47,-48,2
-49,-40,-47,-48,-41,2
-40,-47,-48,-41,-42,2
-47,-48,-41,-42,-40,2
-48,-41,-42,-40,-38,2
-41,-42,-40,-38,-39,2
-42,-40,-38,-39,-38,2
-40,-38,-39,-38,-37,2
-38,-39,-38,-37,-39,2
-39,-38,-37,-39,-37,2
-38,-37,-39,-37,-40,2
-37,-39,-37,-40,-49,2
-39,-37,-40,-49,-36,2
-37,-40,-49,-36,-39,2
-40,-49,-36,-39,-44,2
-49,-36,-39,-44,-40,2
-36,-39,-44,-40,-47,2
-39,-44,-40,-47,-39,2
-44,-40,-47,-39,-40,2
-40,-47,-39,-40,-38,2
-47,-39,-40,-38,-36,2
-39,-40,-38,-36,-37,2
-40,-38,-36,-37,-39,2
-38,-36,-37,-39,-39,2
-36,-37,-39,-39,-41,2
-37,-39,-39,-41,-40,2
-39,-39,-41,-40,-39,2
-39,-41,-40,-39,-40,2
-41,-40,-39,-40,-44,2
-40,-39,-40,-44,-48,2
-39,-40,-44,-48,-37,2
-40,-44,-48,-37,-40,2
-44,-48,-37,-40,-36,2
-48,-37,-40,-36,-40,2
-37,-40,-36,-40,-39,2
-40,-36,-40,-39,-41,2
-36,-40,-39,-41,-44,2
-40,-39,-41,-44,-39,2
-39,-41,-44,-39,-38,2
-41,-44,-39,-38,-35,2
-44,-39,-38,-35,-28,2
-39,-38,-35,-28,-40,2
-38,-35,-28,-40,-36,2
-35,-28,-40,-36,-35,2
-28,-40,-36,-35,-40,2
-40,-36,-35,-40,-41,2
-36,-35,-40,-41,-44,2
-35,-40,-41,-44,-41,2
-40,-41,-44,-41,-39,2
-41,-44,-41,-39,-49,2
-44,-41,-39,-49,-47,2
-41,-39,-49,-47,-36,2
-39,-49,-47,-36,-49,2
-49,-47,-36,-49,-41,2
-47,-36,-49,-41,-40,2
-36,-49,-41,-40,-41,2
-49,-41,-40,-41,-40,2
-41,-40,-41,-40,-49,2
-40,-41,-40,-49,-39,2
-41,-40,-49,-39,-49,2
-40,-49,-39,-49,-36,2
-49,-39,-49,-36,-49,2
-39,-49,-36,-49,-44,2
-49,-36,-49,-44,-48,2
-36,-49,-44,-48,-40,2
-49,-44,-48,-40,-44,2
-44,-48,-40,-44,-47,2
-48,-40,-44,-47,-40,2
-40,-44,-47,-40,-48,2
-44,-47,-40,-48,-43,2
-47,-40,-48,-43,-39,2
-40,-48,-43,-39,-49,2
-48,-43,-39,-49,-40,2
-43,-39,-49,-40,-39,2
-39,-49,-40,-39,-39,2
-49,-40,-39,-39,-39,2
-40,-39,-39,-39,-40,2
-39,-39,-39,-40,-47,2
-39,-39,-40,-47,-48,2
-39,-40,-47,-48,-44,2
-40,-47,-48,-44,-36,2
-47,-48,-44,-36,-39,2
-48,-44,-36,-39,-44,2
-44,-36,-39,-44,-48,2
-36,-39,-44,-48,-47,2
-39,-44,-48,-47,-40,2
-44,-48,-47,-40,-39,2
-48,-47,-40,-39,-40,2
-47,-40,-39,-40,-35,2
-40,-39,-40,-35,-38,2
-39,-40,-35,-38,-48,2
-40,-35,-38,-48,-39,2
-35,-38,-48,-39,-47,2
-38,-48,-39,-47,-49,2
-48,-39,-47,-49,-40,2
-39,-47,-49,-40,-37,2
-47,-49,-40,-37,-41,2
-49,-40,-37,-41,-40,2
-40,-37,-41,-40,-39,2
-37,-41,-40,-39,-41,2
-41,-40,-39,-41,-49,2
-40,-39,-41,-49,-41,2
-39,-41,-49,-41,-41,2
-41,-49,-41,-41,-40,2
-49,-41,-41,-40,-49,2
-41,-41,-40,-49,-44,2
-41,-40,-49,-44,-39,2
-40,-49,-44,-39,-49,2
-49,-44,-39,-49,-41,2
-44,-39,-49,-41,-41,2
-39,-49,-41,-41,-41,2
-49,-41,-41,-41,-41,2
-41,-41,-41,-41,-47,2
-41,-41,-41,-47,-41,2
-41,-41,-47,-41,-36,2
-41,-47,-41,-36,-40,2
-47,-41,-36,-40,-39,2
-41,-36,-40,-39,-41,2
-36,-40,-39,-41,-39,2
-40,-39,-41,-39,-36,2
-39,-41,-39,-36,-49,2
-41,-39,-36,-49,-41,2
-39,-36,-49,-41,-39,2
-36,-49,-41,-39,-46,2
-49,-41,-39,-46,-40,2
-41,-39,-46,-40,-39,2
-39,-46,-40,-39,-41,2
-46,-40,-39,-41,-48,2
-40,-39,-41,-48,-49,2
-39,-41,-48,-49,-36,2
-41,-48,-49,-36,-49,2
-48,-49,-36,-49,-40,2
-49,-36,-49,-40,-41,2
-36,-49,-40,-41,-40,2
-49,-40,-41,-40,-40,2
-40,-41,-40,-40,-41,2
-41,-40,-40,-41,-41,2
-40,-40,-41,-41,-41,2
-40,-41,-41,-41,-49,2
-41,-41,-41,-49,-48,2
-41,-41,-49,-48,-49,2
-41,-49,-48,-49,-38,2
-49,-48,-49,-38,-39,2
-48,-49,-38,-39,-41,2
-49,-38,-39,-41,-49,2
-38,-39,-41,-49,-48,2
-39,-41,-49,-48,-40,2
-41,-49,-48,-40,-41,2
-49,-48,-40,-41,-44,2
-48,-40,-41,-44,-39,2
-40,-41,-44,-39,-48,2
-41,-44,-39,-48,-39,2
-44,-39,-48,-39,-41,2
-39,-48,-39,-41,-41,2
-48,-39,-41,-41,-46,2
-39,-41,-41,-46,-39,2
-41,-41,-46,-39,-46,2
-41,-46,-39,-46,-39,2
-46,-39,-46,-39,-48,2
-39,-46,-39,-48,-43,2
-46,-39,-48,-43,-37,2
-39,-48,-43,-37,-40,2
-48,-43,-37,-40,-38,2
-43,-37,-40,-38,-48,2
-37,-40,-38,-48,-44,2
-40,-38,-48,-44,-35,2
-38,-48,-44,-35,-41,2
-48,-44,-35,-41,-41,2
-44,-35,-41,-41,-40,2
-35,-41,-41,-40,-41,2
-41,-41,-40,-41,-36,2
-41,-40,-41,-36,-44,2
-40,-41,-36,-44,-47,2
-41,-36,-44,-47,-49,2
-36,-44,-47,-49,-40,2
-44,-47,-49,-40,-41,2
-47,-49,-40,-41,-43,2
-49,-40,-41,-43,-39,2
-40,-41,-43,-39,-45,2
-41,-43,-39,-45,-46,2
-43,-39,-45,-46,-49,2
-39,-45,-46,-49,-43,2
-45,-46,-49,-43,-41,2
-46,-49,-43,-41,-41,2
-49,-43,-41,-41,-41,2
-43,-41,-41,-41,-39,2
-41,-41,-41,-39,-41,2
-41,-41,-39,-41,-41,2
-41,-39,-41,-41,-45,2
-39,-41,-41,-45,-49,2
-41,-41,-45,-49,-49,2
-41,-45,-49,-49,-39,2
-45,-49,-49,-39,-40,2
-49,-49,-39,-40,-49,2
-49,-39,-40,-49,-49,2
-39,-40,-49,-49,-39,2
-40,-49,-49,-39,-40,2
-49,-49,-39,-40,-49,2
-49,-39,-40,-49,-49,2
-39,-40,-49,-49,-38,2
-40,-49,-49,-38,-44,2
-49,-49,-38,-44,-39,2
-49,-38,-44,-39,-48,2
-38,-44,-39,-48,-45,2
-44,-39,-48,-45,-41,2
-39,-48,-45,-41,-48,2
-48,-45,-41,-48,-44,2
-45,-41,-48,-44,-41,2
-41,-48,-44,-41,-41,2
-48,-44,-41,-41,-43,2
-44,-41,-41,-43,-39,2
-41,-41,-43,-39,-37,2
-41,-43,-39,-37,-40,2
-43,-39,-37,-40,-44,2
-39,-37,-40,-44,-39,2
-37,-40,-44,-39,-37,2
-40,-44,-39,-37,-47,2
-44,-39,-37,-47,-41,2
-39,-37,-47,-41,-42,2
-37,-47,-41,-42,-40,2
-47,-41,-42,-40,-46,2
-41,-42,-40,-46,-43,2
-42,-40,-46,-43,-49,2
-40,-46,-43,-49,-39,2
-46,-43,-49,-39,-48,2
-43,-49,-39,-48,-37,2
-49,-39,-48,-37,-41,2
-39,-48,-37,-41,-40,2
-48,-37,-41,-40,-40,2
-37,-41,-40,-40,-48,2
-41,-40,-40,-48,-41,2
-40,-40,-48,-41,-49,2
-40,-48,-41,-49,-39,2
-48,-41,-49,-39,-41,2
-41,-49,-39,-41,-37,2
-49,-39,-41,-37,-41,2
-39,-41,-37,-41,-41,2
-41,-37,-41,-41,-40,2
-37,-41,-41,-40,-46,2
-41,-41,-40,-46,-41,2
-41,-40,-46,-41,-45,2
-40,-46,-41,-45,-39,2
-46,-41,-45,-39,-49,2
-41,-45,-39,-49,-41,2
-45,-39,-49,-41,-40,2
-39,-49,-41,-40,-49,2
-49,-41,-40,-49,-41,2
-41,-40,-49,-41,-46,2
-40,-49,-41,-46,-41,2
-49,-41,-46,-41,-41,2
-41,-46,-41,-41,-41,2
-46,-41,-41,-41,-39,2
-41,-41,-41,-39,-40,2
-41,-41,-39,-40,-50,2
-41,-39,-40,-50,-35,2
-39,-40,-50,-35,-43,2
-40,-50,-35,-43,-40,2
-50,-35,-43,-40,-40,2
-35,-43,-40,-40,-39,2
-43,-40,-40,-39,-48,2
-40,-40,-39,-48,-47,2
-40,-39,-48,-47,-43,2
-39,-48,-47,-43,-37,2
-48,-47,-43,-37,-41,2
-45,-41,-41,-51,-51,2
-41,-41,-51,-51,-44,2
-41,-51,-51,-44,-51,2
-51,-51,-44,-51,-41,2
-51,-44,-51,-41,-41,2
-44,-51,-41,-41,-39,2
-51,-41,-41,-39,-50,2
-41,-41,-39,-50,-37,2
-41,-39,-50,-37,-41,2
-39,-50,-37,-41,-41,2
-50,-37,-41,-41,-41,2
-37,-41,-41,-41,-40,2
-41,-41,-41,-40,-41,2
-41,-41,-40,-41,-41,2
-41,-40,-41,-41,-38,2
-40,-41,-41,-38,-41,2
-41,-41,-38,-41,-41,2
-41,-38,-41,-41,-51,2
-38,-41,-41,-51,-41,2
-41,-41,-51,-41,-38,2
-41,-51,-41,-38,-51,2
-51,-41,-38,-51,-41,2
-41,-38,-51,-41,-40,2
-38,-51,-41,-40,-49,2
-51,-41,-40,-49,-41,2
-41,-40,-49,-41,-38,2
-40,-49,-41,-38,-41,2
-49,-41,-38,-41,-51,2
-41,-38,-41,-51,-41,2
-38,-41,-51,-41,-41,2
-41,-51,-41,-41,-49,2
-51,-41,-41,-49,-51,2
-41,-41,-49,-51,-41,2
-41,-49,-51,-41,-39,2
-49,-51,-41,-39,-47,2
-51,-41,-39,-47,-41,2
-41,-39,-47,-41,-41,2
-39,-47,-41,-41,-51,2
-47,-41,-41,-51,-41,2
-41,-41,-51,-41,-41,2
-41,-51,-41,-41,-41,2
-51,-41,-41,-41,-46,2
-41,-41,-41,-46,-51,2
-41,-41,-46,-51,-41,2
-41,-46,-51,-41,-38,2
-46,-51,-41,-38,-51,2
-51,-41,-38,-51,-51,2
-41,-38,-51,-51,-51,2
-38,-51,-51,-51,-46,2
-51,-51,-51,-46,-41,2
-51,-51,-46,-41,-39,2
-51,-46,-41,-39,-41,2
-46,-41,-39,-41,-46,2
-41,-39,-41,-46,-41,2
-39,-41,-46,-41,-41,2
-41,-46,-41,-41,-51,2
-46,-41,-41,-51,-41,2
-41,-41,-51,-41,-51,2
-41,-51,-41,-51,-51,2
-51,-41,-51,-51,-41,2
-41,-51,-51,-41,-41,2
-51,-51,-41,-41,-41,2
-51,-41,-41,-41,-41,2
-41,-41,-41,-41,-51,2
-41,-41,-41,-51,-41,2
-41,-41,-51,-41,-51,2
-41,-51,-41,-51,-41,2
-51,-41,-51,-41,-41,2
-41,-51,-41,-41,-51,2
-51,-41,-41,-51,-41,2
-41,-41,-51,-41,-39,2
-41,-51,-41,-39,-41,2
-51,-41,-39,-41,-39,2
-41,-39,-41,-39,-46,2
-39,-41,-39,-46,-51,2
-41,-39,-46,-51,-41,2
-39,-46,-51,-41,-41,2
-46,-51,-41,-41,-41,2
-51,-41,-41,-41,-41,2
-41,-41,-41,-41,-41,2
-41,-41,-41,-41,-45,2
-41,-41,-41,-45,-41,2
-41,-41,-45,-41,-38,2
-41,-45,-41,-38,-38,2
-45,-41,-38,-38,-41,2
-41,-38,-38,-41,-41,2
-38,-38,-41,-41,-41,2
-38,-41,-41,-41,-41,2
-41,-41,-41,-41,-41,2
-41,-41,-41,-41,-41,2
-41,-41,-41,-41,-41,2
-41,-41,-41,-41,-41,2
-41,-41,-41,-41,-38,2
-41,-41,-41,-38,-51,2
-41,-41,-38,-51,-41,2
-41,-38,-51,-41,-51,2
-38,-51,-41,-51,-51,2
-51,-41,-51,-51,-38,2
-41,-51,-51,-38,-40,2
-51,-51,-38,-40,-41,2
-51,-38,-40,-41,-51,2
-38,-40,-41,-51,-41,2
-40,-41,-51,-41,-41,2
-41,-51,-41,-41,-41,2
-51,-41,-41,-41,-38,2
-41,-41,-41,-38,-45,2
-41,-41,-38,-45,-41,2
-41,-38,-45,-41,-41,2
-38,-45,-41,-41,-41,2
-45,-41,-41,-41,-51,2
-41,-41,-41,-51,-41,2
-41,-41,-51,-41,-41,2
-41,-51,-41,-41,-48,2
-51,-41,-41,-48,-41,2
-41,-41,-48,-41,-41,2
-41,-48,-41,-41,-41,2
-48,-41,-41,-41,-51,2
-41,-41,-41,-51,-41,2
-41,-41,-51,-41,-43,2
-41,-51,-41,-43,-49,2
-51,-41,-43,-49,-41,2
-41,-43,-49,-41,-41,2
-43,-49,-41,-41,-41,2
-49,-41,-41,-41,-41,2
-41,-41,-41,-41,-51,2
-41,-41,-41,-51,-41,2
-41,-41,-51,-41,-46,2
-41,-51,-41,-46,-41,2
-51,-41,-46,-41,-51,2
-41,-46,-41,-51,-45,2
-46,-41,-51,-45,-51,2
-41,-51,-45,-51,-51,2
-51,-45,-51,-51,-41,2
-45,-51,-51,-41,-40,2
-51,-51,-41,-40,-39,2
-51,-41,-40,-39,-51,2
-41,-40,-39,-51,-41,2
-40,-39,-51,-41,-41,2
-39,-51,-41,-41,-46,2
-51,-41,-41,-46,-41,2
-41,-41,-46,-41,-51,2
-41,-46,-41,-51,-41,2
-46,-41,-51,-41,-40,2
-41,-51,-41,-40,-51,2
-51,-41,-40,-51,-52,2
-41,-40,-51,-52,-39,2
-40,-51,-52,-39,-38,2
-51,-52,-39,-38,-43,2
-52,-39,-38,-43,-46,2
-39,-38,-43,-46,-51,2
-38,-43,-46,-51,-41,2
-43,-46,-51,-41,-46,2
-46,-51,-41,-46,-51,2
-51,-41,-46,-51,-39,2
-41,-46,-51,-39,-41,2
-46,-51,-39,-41,-50,2
-51,-39,-41,-50,-41,2
-39,-41,-50,-41,-51,2
-41,-50,-41,-51,-37,2
-50,-41,-51,-37,-51,2
-41,-51,-37,-51,-46,2
-51,-37,-51,-46,-51,2
-37,-51,-46,-51,-39,2
-51,-46,-51,-39,-46,2
-46,-51,-39,-46,-46,2
-51,-39,-46,-46,-51,2
-39,-46,-46,-51,-52,2
-46,-46,-51,-52,-39,2
-46,-51,-52,-39,-45,2
-51,-52,-39,-45,-51,2
-52,-39,-45,-51,-49,2
-39,-45,-51,-49,-51,2
-45,-51,-49,-51,-41,2
-51,-49,-51,-41,-39,2
-49,-51,-41,-39,-42,2
-51,-41,-39,-42,-41,2
-41,-39,-42,-41,-46,2
-39,-42,-41,-46,-51,2
-42,-41,-46,-51,-51,2
-41,-46,-51,-51,-41,2
-46,-51,-51,-41,-41,2
-51,-51,-41,-41,-42,2
-51,-41,-41,-42,-43,2
-41,-41,-42,-43,-41,2
-41,-42,-43,-41,-39,2
-42,-43,-41,-39,-44,2
-43,-41,-39,-44,-39,2
-41,-39,-44,-39,-41,2
-39,-44,-39,-41,-41,2
-44,-39,-41,-41,-41,2
-39,-41,-41,-41,-41,2
-41,-41,-41,-41,-46,2
-41,-41,-41,-46,-46,2
-41,-41,-46,-46,-43,2
-41,-46,-46,-43,-51,2
-46,-46,-43,-51,-46,2
-46,-43,-51,-46,-39,2
-43,-51,-46,-39,-41,2
-51,-46,-39,-41,-49,2
-46,-39,-41,-49,-41,2
-39,-41,-49,-41,-41,2
-41,-49,-41,-41,-49,2
-49,-41,-41,-49,-41,2
-41,-41,-49,-41,-41,2
-41,-49,-41,-41,-52,2
-49,-41,-41,-52,-38,2
-41,-41,-52,-38,-41,2
-41,-52,-38,-41,-49,2
-52,-38,-41,-49,-41,2
-38,-41,-49,-41,-39,2
-41,-49,-41,-39,-41,2
-49,-41,-39,-41,-51,2
-41,-39,-41,-51,-41,2
-39,-41,-51,-41,-40,2
-41,-51,-41,-40,-46,2
-51,-41,-40,-46,-41,2
-41,-40,-46,-41,-41,2
-40,-46,-41,-41,-38,2
-46,-41,-41,-38,-51,2
-41,-41,-38,-51,-46,2
-41,-38,-51,-46,-38,2
-38,-51,-46,-38,-41,2
-51,-46,-38,-41,-39,2
-46,-38,-41,-39,-52,2
-38,-41,-39,-52,-41,2
-41,-39,-52,-41,-41,2
-39,-52,-41,-41,-41,2
-52,-41,-41,-41,-41,2
-41,-41,-41,-41,-41,2
-41,-41,-41,-41,-41,2
-41,-41,-41,-41,-41,2
-41,-41,-41,-41,-51,2
-41,-41,-41,-51,-48,2
-41,-41,-51,-48,-41,2
-41,-51,-48,-41,-41,2
-51,-48,-41,-41,-42,2
-48,-41,-41,-42,-45,2
-41,-41,-42,-45,-41,2
-41,-42,-45,-41,-41,2
-42,-45,-41,-41,-47,2
-45,-41,-41,-47,-51,2
-41,-41,-47,-51,-51,2
-41,-47,-51,-51,-41,2
-47,-51,-51,-41,-51,2
-51,-51,-41,-51,-41,2
-51,-41,-51,-41,-41,2
-41,-51,-41,-41,-37,2
-51,-41,-41,-37,-41,2
-41,-41,-37,-41,-41,2
-41,-37,-41,-41,-46,2
-37,-41,-41,-46,-41,2
-41,-41,-46,-41,-51,2
-41,-46,-41,-51,-49,2
-46,-41,-51,-49,-45,2
-41,-51,-49,-45,-41,2
-51,-49,-45,-41,-41,2
-49,-45,-41,-41,-49,2
-45,-41,-41,-49,-39,2
-41,-41,-49,-39,-41,2
-41,-49,-39,-41,-51,2
-49,-39,-41,-51,-46,2
-39,-41,-51,-46,-41,2
-41,-51,-46,-41,-51,2
-51,-46,-41,-51,-41,2
-46,-41,-51,-41,-41,2
-41,-51,-41,-41,-41,2
-51,-41,-41,-41,-39,2
-41,-41,-41,-39,-41,2
-41,-41,-39,-41,-46,2
-41,-39,-41,-46,-39,2
-39,-41,-46,-39,-39,2
-41,-46,-39,-39,-41,2
-46,-39,-39,-41,-51,2
-39,-39,-41,-51,-51,2
-39,-41,-51,-51,-43,2
-41,-51,-51,-43,-45,2
-51,-51,-43,-45,-51,2
-51,-43,-45,-51,-51,2
-43,-45,-51,-51,-45,2
-45,-51,-51,-45,-41,2
-51,-51,-45,-41,-37,2
-51,-45,-41,-37,-41,2
-45,-41,-37,-41,-39,2
-41,-37,-41,-39,-46,2
-37,-41,-39,-46,-41,2
-41,-39,-46,-41,-39,2
-39,-46,-41,-39,-39,2
-46,-41,-39,-39,-43,2
-41,-39,-39,-43,-51,2
-39,-39,-43,-51,-39,2
-39,-43,-51,-39,-46,2
-43,-51,-39,-46,-39,2
-51,-39,-46,-39,-41,2
-39,-46,-39,-41,-38,2
-46,-39,-41,-38,-41,2
-39,-41,-38,-41,-39,2
-41,-38,-41,-39,-49,2
-38,-41,-39,-49,-40,2
-41,-39,-49,-40,-41,2
-39,-49,-40,-41,-49,2
-49,-40,-41,-49,-52,2
-40,-41,-49,-52,-38,2
-41,-49,-52,-38,-41,2
-49,-52,-38,-41,-51,2
-52,-38,-41,-51,-51,2
-38,-41,-51,-51,-41,2
-41,-51,-51,-41,-39,2
-51,-51,-41,-39,-41,2
-51,-41,-39,-41,-41,2
-41,-39,-41,-41,-41,2
-39,-41,-41,-41,-49,2
-46,-47,-48,-47,-47,2
-47,-48,-47,-47,-48,2
-48,-47,-47,-48,-49,2
-47,-47,-48,-49,-50,2
-47,-48,-49,-50,-45,2
-48,-49,-50,-45,-50,2
-49,-50,-45,-50,-45,2
-50,-45,-50,-45,-48,2
-45,-50,-45,-48,-44,2
-50,-45,-48,-44,-47,2
-45,-48,-44,-47,-50,2
-48,-44,-47,-50,-47,2
-44,-47,-50,-47,-46,2
-47,-50,-47,-46,-47,2
-50,-47,-46,-47,-49,2
-47,-46,-47,-49,-49,2
-46,-47,-49,-49,-45,2
-47,-49,-49,-45,-46,2
-49,-49,-45,-46,-49,2
-49,-45,-46,-49,-46,2
-45,-46,-49,-46,-46,2
-46,-49,-46,-46,-50,2
-49,-46,-46,-50,-47,2
-46,-46,-50,-47,-50,2
-46,-50,-47,-50,-49,2
-50,-47,-50,-49,-45,2
-47,-50,-49,-45,-47,2
-50,-49,-45,-47,-47,2
-49,-45,-47,-47,-50,2
-45,-47,-47,-50,-47,2
-47,-47,-50,-47,-46,2
-47,-50,-47,-46,-47,2
-50,-47,-46,-47,-50,2
-47,-46,-47,-50,-44,2
-46,-47,-50,-44,-49,2
-47,-50,-44,-49,-50,2
-50,-44,-49,-50,-49,2
-44,-49,-50,-49,-47,2
-49,-50,-49,-47,-49,2
-50,-49,-47,-49,-46,2
-49,-47,-49,-46,-47,2
-47,-49,-46,-47,-43,2
-49,-46,-47,-43,-47,2
-46,-47,-43,-47,-46,2
-47,-43,-47,-46,-45,2
-43,-47,-46,-45,-45,2
-47,-46,-45,-45,-49,2
-46,-45,-45,-49,-50,2
-45,-45,-49,-50,-46,2
-45,-49,-50,-46,-48,2
-49,-50,-46,-48,-46,2
-50,-46,-48,-46,-48,2
-46,-48,-46,-48,-47,2
-48,-46,-48,-47,-49,2
-46,-48,-47,-49,-46,2
-48,-47,-49,-46,-47,2
-47,-49,-46,-47,-46,2
-49,-46,-47,-46,-46,2
-46,-47,-46,-46,-47,2
-47,-46,-46,-47,-49,2
-46,-46,-47,-49,-46,2
-46,-47,-49,-46,-45,2
-47,-49,-46,-45,-45,2
-49,-46,-45,-45,-50,2
-46,-45,-45,-50,-46,2
-45,-45,-50,-46,-45,2
-45,-50,-46,-45,-50,2
-50,-46,-45,-50,-46,2
-46,-45,-50,-46,-49,2
-45,-50,-46,-49,-44,2
-50,-46,-49,-44,-47,2
-46,-49,-44,-47,-46,2
-49,-44,-47,-46,-49,2
-44,-47,-46,-49,-50,2
-47,-46,-49,-50,-45,2
-46,-49,-50,-45,-46,2
-49,-50,-45,-46,-50,2
-50,-45,-46,-50,-46,2
-45,-46,-50,-46,-47,2
-46,-50,-46,-47,-46,2
-50,-46,-47,-46,-46,2
-46,-47,-46,-46,-46,2
-47,-46,-46,-46,-44,2
-46,-46,-46,-44,-49,2
-46,-46,-44,-49,-47,2
-46,-44,-49,-47,-46,2
-44,-49,-47,-46,-49,2
-49,-47,-46,-49,-47,2
-47,-46,-49,-47,-46,2
-46,-49,-47,-46,-47,2
-49,-47,-46,-47,-46,2
-47,-46,-47,-46,-47,2
-46,-47,-46,-47,-46,2
-47,-46,-47,-46,-46,2
-46,-47,-46,-46,-51,2
-47,-46,-46,-51,-46,2
-46,-46,-51,-46,-48,2
-46,-51,-46,-48,-46,2
-51,-46,-48,-46,-47,2
-46,-48,-46,-47,-47,2
-48,-46,-47,-47,-46,2
-46,-47,-47,-46,-47,2
-47,-47,-46,-47,-47,2
-47,-46,-47,-47,-50,2
-46,-47,-47,-50,-46,2
-47,-47,-50,-46,-46,2
-47,-50,-46,-46,-46,2
-50,-46,-46,-46,-46,2
-46,-46,-46,-46,-46,2
-46,-46,-46,-46,-46,2
-46,-46,-46,-46,-50,2
-46,-46,-46,-50,-44,2
-46,-46,-50,-44,-46,2
-46,-50,-44,-46,-50,2
-50,-44,-46,-50,-45,2
-44,-46,-50,-45,-47,2
-46,-50,-45,-47,-47,2
-50,-45,-47,-47,-46,2
-45,-47,-47,-46,-46,2
-47,-47,-46,-46,-46,2
-47,-46,-46,-46,-45,2
-46,-46,-46,-45,-46,2
-46,-46,-45,-46,-47,2
-46,-45,-46,-47,-46,2
-45,-46,-47,-46,-46,2
-46,-47,-46,-46,-51,2
-47,-46,-46,-51,-46,2
-46,-46,-51,-46,-46,2
-46,-51,-46,-46,-48,2
-51,-46,-46,-48,-49,2
-46,-46,-48,-49,-48,2
-46,-48,-49,-48,-46,2
-48,-49,-48,-46,-46,2
-49,-48,-46,-46,-51,2
-48,-46,-46,-51,-49,2
-46,-46,-51,-49,-46,2
-46,-51,-49,-46,-49,2
-51,-49,-46,-49,-46,2
-49,-46,-49,-46,-46,2
-46,-49,-46,-46,-46,2
-49,-46,-46,-46,-46,2
-46,-46,-46,-46,-44,2
-46,-46,-46,-44,-51,2
-46,-46,-44,-51,-46,2
-46,-44,-51,-46,-49,2
-44,-51,-46,-49,-44,2
-51,-46,-49,-44,-49,2
-46,-49,-44,-49,-45,2
-49,-44,-49,-45,-48,2
-44,-49,-45,-48,-49,2
-49,-45,-48,-49,-46,2
-45,-48,-49,-46,-46,2
-48,-49,-46,-46,-46,2
-49,-46,-46,-46,-51,2
-46,-46,-46,-51,-51,2
-46,-46,-51,-51,-46,2
-46,-51,-51,-46,-47,2
-51,-51,-46,-47,-47,2
-51,-46,-47,-47,-47,2
-46,-47,-47,-47,-47,2
-47,-47,-47,-47,-47,2
-47,-47,-47,-47,-51,2
-47,-47,-47,-51,-50,2
-47,-47,-51,-50,-46,2
-47,-51,-50,-46,-51,2
-51,-50,-46,-51,-47,2
-50,-46,-51,-47,-45,2
-46,-51,-47,-45,-46,2
-51,-47,-45,-46,-49,2
-47,-45,-46,-49,-46,2
-45,-46,-49,-46,-45,2
-46,-49,-46,-45,-47,2
-49,-46,-45,-47,-47,2
-46,-45,-47,-47,-47,2
-45,-47,-47,-47,-46,2
-47,-47,-47,-46,-47,2
-47,-47,-46,-47,-46,2
-47,-46,-47,-46,-46,2
-46,-47,-46,-46,-46,2
-47,-46,-46,-46,-48,2
-46,-46,-46,-48,-46,2
-46,-46,-48,-46,-45,2
-46,-48,-46,-45,-46,2
-48,-46,-45,-46,-47,2
-46,-45,-46,-47,-47,2
-45,-46,-47,-47,-46,2
-46,-47,-47,-46,-46,2
-47,-47,-46,-46,-51,2
-47,-46,-46,-51,-48,2
-46,-46,-51,-48,-45,2
-46,-51,-48,-45,-46,2
-51,-48,-45,-46,-48,2
-48,-45,-46,-48,-46,2
-45,-46,-48,-46,-45,2
-46,-48,-46,-45,-46,2
-48,-46,-45,-46,-48,2
-46,-45,-46,-48,-49,2
-45,-46,-48,-49,-46,2
-46,-48,-49,-46,-46,2
-48,-49,-46,-46,-44,2
-49,-46,-46,-44,-46,2
-46,-46,-44,-46,-51,2
-46,-44,-46,-51,-51,2
-44,-46,-51,-51,-44,2
-46,-51,-51,-44,-49,2
-51,-51,-44,-49,-46,2
-51,-44,-49,-46,-47,2
-44,-49,-46,-47,-49,2
-49,-46,-47,-49,-49,2
-46,-47,-49,-49,-45,2
-47,-49,-49,-45,-46,2
-49,-49,-45,-46,-47,2
-49,-45,-46,-47,-46,2
-45,-46,-47,-46,-46,2
-46,-47,-46,-46,-47,2
-47,-46,-46,-47,-47,2
-46,-46,-47,-47,-46,2
-46,-47,-47,-46,-46,2
-47,-47,-46,-46,-46,2
-47,-46,-46,-46,-47,2
-46,-46,-46,-47,-44,2
-46,-46,-47,-44,-47,2
-46,-47,-44,-47,-46,2
-47,-44,-47,-46,-49,2
-44,-47,-46,-49,-49,2
-47,-46,-49,-49,-44,2
-46,-49,-49,-44,-44,2
-49,-49,-44,-44,-46,2
-49,-44,-44,-46,-45,2
-44,-44,-46,-45,-46,2
-44,-46,-45,-46,-49,2
-46,-45,-46,-49,-46,2
-45,-46,-49,-46,-46,2
-46,-49,-46,-46,-46,2
-49,-46,-46,-46,-48,2
-46,-46,-46,-48,-50,2
-46,-46,-48,-50,-44,2
-46,-48,-50,-44,-46,2
-48,-50,-44,-46,-47,2
-50,-44,-46,-47,-46,2
-44,-46,-47,-46,-47,2
-46,-47,-46,-47,-49,2
-47,-46,-47,-49,-44,2
-46,-47,-49,-44,-46,2
-47,-49,-44,-46,-46,2
-49,-44,-46,-46,-44,2
-44,-46,-46,-44,-49,2
-46,-46,-44,-49,-46,2
-46,-44,-49,-46,-44,2
-44,-49,-46,-44,-51,2
-49,-46,-44,-51,-48,2
-46,-44,-51,-48,-48,2
-44,-51,-48,-48,-47,2
-51,-48,-48,-47,-47,2
-48,-48,-47,-47,-46,2
-48,-47,-47,-46,-46,2
-47,-47,-46,-46,-46,2
-47,-46,-46,-46,-46,2
-46,-46,-46,-46,-48,2
-46,-46,-46,-48,-46,2
-46,-46,-48,-46,-51,2
-46,-48,-46,-51,-47,2
-48,-46,-51,-47,-50,2
-46,-51,-47,-50,-48,2
-51,-47,-50,-48,-48,2
-47,-50,-48,-48,-48,2
-50,-48,-48,-48,-48,2
-48,-48,-48,-48,-46,2
-48,-48,-48,-46,-49,2
-48,-48,-46,-49,-48,2
-48,-46,-49,-48,-51,2
-46,-49,-48,-51,-50,2
-49,-48,-51,-50,-47,2
-48,-51,-50,-47,-46,2
-51,-50,-47,-46,-51,2
-50,-47,-46,-51,-44,2
-47,-46,-51,-44,-46,2
-46,-51,-44,-46,-49,2
-51,-44,-46,-49,-46,2
-44,-46,-49,-46,-51,2
-46,-49,-46,-51,-51,2
-49,-46,-51,-51,-47,2
-46,-51,-51,-47,-45,2
-51,-51,-47,-45,-50,2
-51,-47,-45,-50,-50,2
-47,-45,-50,-50,-45,2
-45,-50,-50,-45,-49,2
-50,-50,-45,-49,-50,2
-50,-45,-49,-50,-47,2
-45,-49,-50,-47,-45,2
-49,-50,-47,-45,-44,2
-50,-47,-45,-44,-44,2
-47,-45,-44,-44,-49,2
-45,-44,-44,-49,-46,2
-44,-44,-49,-46,-49,2
-44,-49,-46,-49,-47,2
-49,-46,-49,-47,-45,2
-46,-49,-47,-45,-46,2
-49,-47,-45,-46,-46,2
-47,-45,-46,-46,-49,2
-45,-46,-46,-49,-43,2
-46,-46,-49,-43,-44,2
-46,-49,-43,-44,-44,2
-49,-43,-44,-44,-46,2
-43,-44,-44,-46,-46,2
-44,-44,-46,-46,-46,2
-44,-46,-46,-46,-46,2
-46,-46,-46,-46,-46,2
-46,-46,-46,-46,-46,2
-46,-46,-46,-46,-46,2
-46,-46,-46,-46,-46,2
-46,-46,-46,-46,-46,2
-46,-46,-46,-46,-46,2
-46,-46,-46,-46,-46,2
-46,-46,-46,-46,-45,2
-36,-50,-39,-50,-50,2
-50,-39,-50,-50,-50,2
-39,-50,-50,-50,-39,2
-50,-50,-50,-39,-36,2
-50,-50,-39,-36,-50,2
-50,-39,-36,-50,-39,2
-39,-36,-50,-39,-50,2
-36,-50,-39,-50,-50,2
-50,-39,-50,-50,-39,2
-39,-50,-50,-39,-39,2
-50,-50,-39,-39,-39,2
-50,-39,-39,-39,-50,2
-39,-39,-39,-50,-39,2
-39,-39,-50,-39,-43,2
-39,-50,-39,-43,-38,2
-50,-39,-43,-38,-39,2
-39,-43,-38,-39,-37,2
-43,-38,-39,-37,-36,2
-38,-39,-37,-36,-39,2
-39,-37,-36,-39,-36,2
-37,-36,-39,-36,-50,2
-36,-39,-36,-50,-51,2
-39,-36,-50,-51,-37,2
-36,-50,-51,-37,-39,2
-50,-51,-37,-39,-36,2
-51,-37,-39,-36,-36,2
-37,-39,-36,-36,-36,2
-39,-36,-36,-36,-50,2
-36,-36,-36,-50,-36,2
-36,-36,-50,-36,-36,2
-36,-50,-36,-36,-36,2
-50,-36,-36,-36,-50,2
-36,-36,-36,-50,-36,2
-36,-36,-50,-36,-40,2
-36,-50,-36,-40,-36,2
-50,-36,-40,-36,-37,2
-36,-40,-36,-37,-36,2
-40,-36,-37,-36,-39,2
-36,-37,-36,-39,-36,2
-37,-36,-39,-36,-36,2
-36,-39,-36,-36,-39,2
-39,-36,-36,-39,-36,2
-36,-36,-39,-36,-39,2
-36,-39,-36,-39,-50,2
-39,-36,-39,-50,-36,2
-36,-39,-50,-36,-36,2
-39,-50,-36,-36,-37,2
-50,-36,-36,-37,-37,2
-36,-36,-37,-37,-36,2
-36,-37,-37,-36,-36,2
-37,-37,-36,-36,-36,2
-37,-36,-36,-36,-39,2
-36,-36,-36,-39,-40,2
-36,-36,-39,-40,-39,2
-36,-39,-40,-39,-50,2
-39,-40,-39,-50,-36,2
-40,-39,-50,-36,-40,2
-39,-50,-36,-40,-39,2
-50,-36,-40,-39,-36,2
-36,-40,-39,-36,-36,2
-40,-39,-36,-36,-39,2
-39,-36,-36,-39,-39,2
-36,-36,-39,-39,-36,2
-36,-39,-39,-36,-39,2
-39,-39,-36,-39,-50,2
-39,-36,-39,-50,-37,2
-36,-39,-50,-37,-45,2
-39,-50,-37,-45,-50,2
-50,-37,-45,-50,-36,2
-37,-45,-50,-36,-38,2
-45,-50,-36,-38,-51,2
-50,-36,-38,-51,-40,2
-36,-38,-51,-40,-35,2
-38,-51,-40,-35,-36,2
-51,-40,-35,-36,-37,2
-40,-35,-36,-37,-34,2
-35,-36,-37,-34,-51,2
-36,-37,-34,-51,-34,2
-37,-34,-51,-34,-39,2
-34,-51,-34,-39,-51,2
-51,-34,-39,-51,-50,2
-34,-39,-51,-50,-39,2
-39,-51,-50,-39,-50,2
-51,-50,-39,-50,-37,2
-50,-39,-50,-37,-36,2
-39,-50,-37,-36,-36,2
-50,-37,-36,-36,-37,2
-37,-36,-36,-37,-50,2
-36,-36,-37,-50,-36,2
-36,-37,-50,-36,-36,2
-37,-50,-36,-36,-36,2
-50,-36,-36,-36,-40,2
-36,-36,-36,-40,-37,2
-36,-36,-40,-37,-36,2
-36,-40,-37,-36,-37,2
-40,-37,-36,-37,-40,2
-37,-36,-37,-40,-39,2
-36,-37,-40,-39,-39,2
-37,-40,-39,-39,-40,2
-40,-39,-39,-40,-37,2
-39,-39,-40,-37,-40,2
-39,-40,-37,-40,-39,2
-40,-37,-40,-39,-40,2
-37,-40,-39,-40,-37,2
-40,-39,-40,-37,-51,2
-39,-40,-37,-51,-50,2
-40,-37,-51,-50,-51,2
-37,-51,-50,-51,-35,2
-51,-50,-51,-35,-35,2
-50,-51,-35,-35,-36,2
-51,-35,-35,-36,-37,2
-35,-35,-36,-37,-37,2
-35,-36,-37,-37,-40,2
-36,-37,-37,-40,-37,2
-37,-37,-40,-37,-40,2
-37,-40,-37,-40,-36,2
-40,-37,-40,-36,-36,2
-37,-40,-36,-36,-51,2
-40,-36,-36,-51,-51,2
-36,-36,-51,-51,-51,2
-36,-51,-51,-51,-37,2
-51,-51,-51,-37,-37,2
-51,-51,-37,-37,-51,2
-51,-37,-37,-51,-36,2
-37,-37,-51,-36,-51,2
-37,-51,-36,-51,-36,2
-51,-36,-51,-36,-39,2
-36,-51,-36,-39,-50,2
-51,-36,-39,-50,-50,2
-36,-39,-50,-50,-40,2
-39,-50,-50,-40,-40,2
-50,-50,-40,-40,-40,2
-50,-40,-40,-40,-51,2
-40,-40,-40,-51,-37,2
-40,-40,-51,-37,-37,2
-40,-51,-37,-37,-37,2
-51,-37,-37,-37,-40,2
-37,-37,-37,-40,-40,2
-37,-37,-40,-40,-51,2
-37,-40,-40,-51,-42,2
-40,-40,-51,-42,-50,2
-40,-51,-42,-50,-37,2
-51,-42,-50,-37,-51,2
-42,-50,-37,-51,-51,2
-50,-37,-51,-51,-37,2
-37,-51,-51,-37,-51,2
-51,-51,-37,-51,-38,2
-51,-37,-51,-38,-39,2
-37,-51,-38,-39,-51,2
-51,-38,-39,-51,-37,2
-38,-39,-51,-37,-51,2
-39,-51,-37,-51,-37,2
-51,-37,-51,-37,-40,2
-37,-51,-37,-40,-39,2
-51,-37,-40,-39,-51,2
-37,-40,-39,-51,-36,2
-40,-39,-51,-36,-40,2
-39,-51,-36,-40,-51,2
-51,-36,-40,-51,-40,2
-36,-40,-51,-40,-40,2
-40,-51,-40,-40,-37,2
-51,-40,-40,-37,-51,2
-40,-40,-37,-51,-51,2
-40,-37,-51,-51,-49,2
-37,-51,-51,-49,-37,2
-51,-51,-49,-37,-40,2
-51,-49,-37,-40,-37,2
-49,-37,-40,-37,-40,2
-37,-40,-37,-40,-37,2
-40,-37,-40,-37,-40,2
-37,-40,-37,-40,-37,2
-40,-37,-40,-37,-40,2
-37,-40,-37,-40,-36,2
-40,-37,-40,-36,-38,2
-37,-40,-36,-38,-51,2
-40,-36,-38,-51,-37,2
-36,-38,-51,-37,-50,2
-38,-51,-37,-50,-51,2
-51,-37,-50,-51,-37,2
-37,-50,-51,-37,-40,2
-50,-51,-37,-40,-40,2
-51,-37,-40,-40,-36,2
-37,-40,-40,-36,-37,2
-40,-40,-36,-37,-37,2
-40,-36,-37,-37,-37,2
-36,-37,-37,-37,-51,2
-37,-37,-37,-51,-37,2
-37,-37,-51,-37,-40,2
-37,-51,-37,-40,-37,2
-51,-37,-40,-37,-37,2
-37,-40,-37,-37,-37,2
-40,-37,-37,-37,-51,2
-37,-37,-37,-51,-37,2
-37,-37,-51,-37,-40,2
-37,-51,-37,-40,-37,2
-51,-37,-40,-37,-51,2
-37,-40,-37,-51,-45,2
-40,-37,-51,-45,-37,2
-37,-51,-45,-37,-51,2
-51,-45,-37,-51,-37,2
-45,-37,-51,-37,-40,2
-37,-51,-37,-40,-39,2
-51,-37,-40,-39,-37,2
-37,-40,-39,-37,-51,2
-40,-39,-37,-51,-40,2
-39,-37,-51,-40,-40,2
-37,-51,-40,-40,-37,2
-51,-40,-40,-37,-37,2
-40,-40,-37,-37,-40,2
-40,-37,-37,-40,-40,2
-37,-37,-40,-40,-45,2
-37,-40,-40,-45,-40,2
-40,-40,-45,-40,-37,2
-40,-45,-40,-37,-37,2
-45,-40,-37,-37,-37,2
-40,-37,-37,-37,-37,2
-37,-37,-37,-37,-37,2
-37,-37,-37,-37,-37,2
-37,-37,-37,-37,-40,2
-37,-37,-37,-40,-51,2
-37,-37,-40,-51,-51,2
-37,-40,-51,-51,-37,2
-40,-51,-51,-37,-39,2
-51,-51,-37,-39,-37,2
-51,-37,-39,-37,-51,2
-37,-39,-37,-51,-40,2
-39,-37,-51,-40,-37,2
-37,-51,-40,-37,-51,2
-51,-40,-37,-51,-37,2
-40,-37,-51,-37,-38,2
-37,-51,-37,-38,-51,2
-51,-37,-38,-51,-51,2
-37,-38,-51,-51,-51,2
-38,-51,-51,-51,-37,2
-51,-51,-51,-37,-40,2
-51,-51,-37,-40,-37,2
-51,-37,-40,-37,-40,2
-37,-40,-37,-40,-37,2
-40,-37,-40,-37,-51,2
-37,-40,-37,-51,-51,2
-40,-37,-51,-51,-35,2
-37,-51,-51,-35,-37,2
-51,-51,-35,-37,-51,2
-51,-35,-37,-51,-40,2
-35,-37,-51,-40,-37,2
-37,-51,-40,-37,-37,2
-51,-40,-37,-37,-37,2
-40,-37,-37,-37,-40,2
-37,-37,-37,-40,-49,2
-37,-37,-40,-49,-51,2
-37,-40,-49,-51,-49,2
-40,-49,-51,-49,-51,2
-49,-51,-49,-51,-40,2
-51,-49,-51,-40,-39,2
-49,-51,-40,-39,-40,2
-51,-40,-39,-40,-50,2
-40,-39,-40,-50,-51,2
-39,-40,-50,-51,-37,2
-40,-50,-51,-37,-36,2
-50,-51,-37,-36,-37,2
-51,-37,-36,-37,-37,2
-37,-36,-37,-37,-37,2
-36,-37,-37,-37,-37,2
-37,-37,-37,-37,-51,2
-37,-37,-37,-51,-51,2
-37,-37,-51,-51,-40,2
-37,-51,-51,-40,-51,2
-51,-51,-40,-51,-51,2
-51,-40,-51,-51,-51,2
-40,-51,-51,-51,-51,2
-51,-51,-51,-51,-51,2
-51,-51,-51,-51,-40,2
-51,-51,-51,-40,-40,2
-51,-51,-40,-40,-40,2
-51,-40,-40,-40,-51,2
-40,-40,-40,-51,-51,2
-40,-40,-51,-51,-51,2
-40,-51,-51,-51,-43,2
-51,-51,-51,-43,-37,2
-51,-51,-43,-37,-51,2
-51,-43,-37,-51,-51,2
-43,-37,-51,-51,-51,2
-37,-51,-51,-51,-37,2
-51,-51,-51,-37,-36,2
-51,-51,-37,-36,-51,2
-51,-37,-36,-51,-40,2
-37,-36,-51,-40,-51,2
-36,-51,-40,-51,-49,2
-51,-40,-51,-49,-37,2
-40,-51,-49,-37,-37,2
-51,-49,-37,-37,-40,2
-49,-37,-37,-40,-40,2
-37,-37,-40,-40,-37,2
-37,-40,-40,-37,-40,2
-40,-40,-37,-40,-51,2
-40,-37,-40,-51,-40,2
-37,-40,-51,-40,-36,2
-40,-51,-40,-36,-37,2
-51,-40,-36,-37,-37,2
-40,-36,-37,-37,-49,2
-36,-37,-37,-49,-51,2
-37,-37,-49,-51,-51,2
-37,-49,-51,-51,-39,2
-49,-51,-51,-39,-37,2
-51,-51,-39,-37,-40,2
-51,-39,-37,-40,-37,2
-39,-37,-40,-37,-40,2
-37,-40,-37,-40,-44,2
-40,-37,-40,-44,-51,2
-37,-40,-44,-51,-51,2
-40,-44,-51,-51,-37,2
-44,-51,-51,-37,-37,2
-51,-51,-37,-37,-40,2
-51,-37,-37,-40,-37,2
-37,-37,-40,-37,-37,2
-37,-40,-37,-37,-51,2
-40,-37,-37,-51,-40,2
-37,-37,-51,-40,-51,2
-37,-51,-40,-51,-51,2
-51,-40,-51,-51,-40,2
-40,-51,-51,-40,-51,2
-51,-51,-40,-51,-37,2
-51,-40,-51,-37,-51,2
-40,-51,-37,-51,-35,2
-51,-37,-51,-35,-37,2
-37,-51,-35,-37,-51,2
-51,-35,-37,-51,-51,2
-35,-37,-51,-51,-37,2
-37,-51,-51,-37,-51,2
-51,-51,-37,-51,-37,2
-51,-37,-51,-37,-49,2
-37,-51,-37,-49,-51,2
-51,-37,-49,-51,-49,2
-37,-49,-51,-49,-40,2
-49,-51,-49,-40,-40,2
-51,-49,-40,-40,-40,2
-49,-40,-40,-40,-51,2
-40,-40,-40,-51,-51,2
-40,-40,-51,-51,-37,2
-40,-51,-51,-37,-51,2
-51,-51,-37,-51,-40,2
-51,-37,-51,-40,-37,2
-37,-51,-40,-37,-37,2
-51,-40,-37,-37,-40,2
-40,-37,-37,-40,-37,2
-37,-37,-40,-37,-37,2
-37,-40,-37,-37,-51,2
-40,-37,-37,-51,-40,2
-37,-37,-51,-40,-40,2
-37,-51,-40,-40,-51,2
-51,-40,-40,-51,-40,2
-40,-40,-51,-40,-51,2
-40,-51,-40,-51,-51,2
-51,-40,-51,-51,-35,2
-40,-51,-51,-35,-37,2
-51,-51,-35,-37,-37,2
-51,-35,-37,-37,-51,2
-35,-37,-37,-51,-38,2
-37,-37,-51,-38,-37,2
-37,-51,-38,-37,-40,2
-51,-38,-37,-40,-37,2
-38,-37,-40,-37,-40,2
-37,-40,-37,-40,-51,2
-40,-37,-40,-51,-51,2
-37,-40,-51,-51,-37,2
-40,-51,-51,-37,-45,2
-51,-51,-37,-45,-37,2
-51,-37,-45,-37,-37,2
-37,-45,-37,-37,-51,2
-45,-37,-37,-51,-37,2
-37,-37,-51,-37,-51,2
-37,-51,-37,-51,-40,2
-51,-37,-51,-40,-40,2
-37,-51,-40,-40,-36,2
-51,-40,-40,-36,-37,2
-40,-40,-36,-37,-51,2
-40,-36,-37,-51,-37,2
-36,-37,-51,-37,-35,2
-37,-51,-37,-35,-37,2
-36,-37,-50,-50,-50,2
-37,-50,-50,-50,-50,2
-50,-50,-50,-50,-40,2
-50,-50,-50,-40,-37,2
-50,-50,-40,-37,-50,2
-50,-40,-37,-50,-40,2
-40,-37,-50,-40,-37,2
-37,-50,-40,-37,-36,2
-50,-40,-37,-36,-36,2
-40,-37,-36,-36,-36,2
-37,-36,-36,-36,-34,2
-36,-36,-36,-34,-50,2
-36,-36,-34,-50,-36,2
-36,-34,-50,-36,-39,2
-34,-50,-36,-39,-37,2
-50,-36,-39,-37,-40,2
-36,-39,-37,-40,-50,2
-39,-37,-40,-50,-40,2
-37,-40,-50,-40,-50,2
-40,-50,-40,-50,-50,2
-50,-40,-50,-50,-40,2
-40,-50,-50,-40,-37,2
-50,-50,-40,-37,-50,2
-50,-40,-37,-50,-37,2
-40,-37,-50,-37,-37,2
-37,-50,-37,-37,-50,2
-50,-37,-37,-50,-40,2
-37,-37,-50,-40,-51,2
-37,-50,-40,-51,-50,2
-50,-40,-51,-50,-37,2
-40,-51,-50,-37,-40,2
-51,-50,-37,-40,-50,2
-50,-37,-40,-50,-37,2
-37,-40,-50,-37,-37,2
-40,-50,-37,-37,-40,2
-50,-37,-37,-40,-37,2
-37,-37,-40,-37,-40,2
-37,-40,-37,-40,-50,2
-40,-37,-40,-50,-50,2
-37,-40,-50,-50,-37,2
-40,-50,-50,-37,-51,2
-50,-50,-37,-51,-37,2
-50,-37,-51,-37,-37,2
-37,-51,-37,-37,-37,2
-51,-37,-37,-37,-37,2
-37,-37,-37,-37,-50,2
-37,-37,-37,-50,-40,2
-37,-37,-50,-40,-40,2
-37,-50,-40,-40,-36,2
-50,-40,-40,-36,-40,2
-40,-40,-36,-40,-37,2
-40,-36,-40,-37,-50,2
-36,-40,-37,-50,-36,2
-40,-37,-50,-36,-37,2
-37,-50,-36,-37,-50,2
-50,-36,-37,-50,-51,2
-36,-37,-50,-51,-50,2
-37,-50,-51,-50,-36,2
-50,-51,-50,-36,-40,2
-51,-50,-36,-40,-36,2
-50,-36,-40,-36,-40,2
-36,-40,-36,-40,-40,2
-40,-36,-40,-40,-50,2
-36,-40,-40,-50,-40,2
-40,-40,-50,-40,-37,2
-40,-50,-40,-37,-40,2
-50,-40,-37,-40,-40,2
-40,-37,-40,-40,-37,2
-37,-40,-40,-37,-40,2
-40,-40,-37,-40,-50,2
-40,-37,-40,-50,-40,2
-37,-40,-50,-40,-50,2
-40,-50,-40,-50,-40,2
-50,-40,-50,-40,-38,2
-40,-50,-40,-38,-43,2
-50,-40,-38,-43,-50,2
-40,-38,-43,-50,-50,2
-38,-43,-50,-50,-50,2
-43,-50,-50,-50,-37,2
-50,-50,-50,-37,-37,2
-50,-50,-37,-37,-37,2
-50,-37,-37,-37,-39,2
-37,-37,-37,-39,-36,2
-37,-37,-39,-36,-50,2
-37,-39,-36,-50,-39,2
-39,-36,-50,-39,-50,2
-36,-50,-39,-50,-38,2
-50,-39,-50,-38,-38,2
-39,-50,-38,-38,-51,2
-50,-38,-38,-51,-50,2
-38,-38,-51,-50,-38,2
-38,-51,-50,-38,-51,2
-51,-50,-38,-51,-40,2
-50,-38,-51,-40,-40,2
-38,-51,-40,-40,-37,2
-51,-40,-40,-37,-50,2
-40,-40,-37,-50,-40,2
-40,-37,-50,-40,-40,2
-37,-50,-40,-40,-40,2
-50,-40,-40,-40,-38,2
-40,-40,-40,-38,-51,2
-40,-40,-38,-51,-51,2
-40,-38,-51,-51,-38,2
-38,-51,-51,-38,-51,2
-51,-51,-38,-51,-38,2
-51,-38,-51,-38,-51,2
-38,-51,-38,-51,-40,2
-51,-38,-51,-40,-51,2
-38,-51,-40,-51,-38,2
-51,-40,-51,-38,-38,2
-40,-51,-38,-38,-51,2
-51,-38,-38,-51,-40,2
-38,-38,-51,-40,-40,2
-38,-51,-40,-40,-40,2
-51,-40,-40,-40,-51,2
-40,-40,-40,-51,-50,2
-40,-40,-51,-50,-37,2
-40,-51,-50,-37,-37,2
-51,-50,-37,-37,-37,2
-50,-37,-37,-37,-37,2
-37,-37,-37,-37,-40,2
-37,-37,-37,-40,-50,2
-37,-37,-40,-50,-45,2
-37,-40,-50,-45,-40,2
-40,-50,-45,-40,-37,2
-50,-45,-40,-37,-39,2
-45,-40,-37,-39,-51,2
-40,-37,-39,-51,-40,2
-37,-39,-51,-40,-51,2
-39,-51,-40,-51,-51,2
-51,-40,-51,-51,-40,2
-40,-51,-51,-40,-40,2
-51,-51,-40,-40,-37,2
-51,-40,-40,-37,-40,2
-40,-40,-37,-40,-51,2
-40,-37,-40,-51,-37,2
-37,-40,-51,-37,-40,2
-40,-51,-37,-40,-37,2
-51,-37,-40,-37,-37,2
-37,-40,-37,-37,-51,2
-40,-37,-37,-51,-37,2
-37,-37,-51,-37,-35,2
-37,-51,-37,-35,-37,2
-51,-37,-35,-37,-40,2
-37,-35,-37,-40,-40,2
-35,-37,-40,-40,-40,2
-37,-40,-40,-40,-39,2
-40,-40,-40,-39,-45,2
-40,-40,-39,-45,-36,2
-40,-39,-45,-36,-37,2
-39,-45,-36,-37,-40,2
-45,-36,-37,-40,-40,2
-36,-37,-40,-40,-39,2
-37,-40,-40,-39,-40,2
-40,-40,-39,-40,-37,2
-40,-39,-40,-37,-40,2
-39,-40,-37,-40,-37,2
-40,-37,-40,-37,-51,2
-37,-40,-37,-51,-37,2
-40,-37,-51,-37,-37,2
-37,-51,-37,-37,-37,2
-51,-37,-37,-37,-37,2
-37,-37,-37,-37,-37,2
-37,-37,-37,-37,-51,2
-37,-37,-37,-51,-48,2
-37,-37,-51,-48,-51,2
-37,-51,-48,-51,-36,2
-51,-48,-51,-36,-51,2
-48,-51,-36,-51,-50,2
-51,-36,-51,-50,-37,2
-36,-51,-50,-37,-39,2
-51,-50,-37,-39,-37,2
-50,-37,-39,-37,-51,2
-37,-39,-37,-51,-50,2
-39,-37,-51,-50,-40,2
-37,-51,-50,-40,-40,2
-51,-50,-40,-40,-51,2
-50,-40,-40,-51,-51,2
-40,-40,-51,-51,-37,2
-40,-51,-51,-37,-38,2
-51,-51,-37,-38,-50,2
-51,-37,-38,-50,-37,2
-37,-38,-50,-37,-40,2
-38,-50,-37,-40,-40,2
-50,-37,-40,-40,-37,2
-37,-40,-40,-37,-37,2
-40,-40,-37,-37,-37,2
-40,-37,-37,-37,-40,2
-37,-37,-37,-40,-37,2
-37,-37,-40,-37,-50,2
-37,-40,-37,-50,-37,2
-40,-37,-50,-37,-51,2
-37,-50,-37,-51,-51,2
-50,-37,-51,-51,-40,2
-37,-51,-51,-40,-44,2
-51,-51,-40,-44,-40,2
-51,-40,-44,-40,-37,2
-40,-44,-40,-37,-50,2
-44,-40,-37,-50,-37,2
-40,-37,-50,-37,-38,2
-37,-50,-37,-38,-37,2
-50,-37,-38,-37,-38,2
-37,-38,-37,-38,-37,2
-38,-37,-38,-37,-37,2
-37,-38,-37,-37,-37,2
-38,-37,-37,-37,-38,2
-37,-37,-37,-38,-36,2
-37,-37,-38,-36,-38,2
-37,-38,-36,-38,-35,2
-38,-36,-38,-35,-38,2
-36,-38,-35,-38,-38,2
-38,-35,-38,-38,-35,2
-35,-38,-38,-35,-51,2
-38,-38,-35,-51,-48,2
-38,-35,-51,-48,-38,2
-35,-51,-48,-38,-50,2
-51,-48,-38,-50,-38,2
-48,-38,-50,-38,-37,2
-38,-50,-38,-37,-37,2
-50,-38,-37,-37,-40,2
-38,-37,-37,-40,-39,2
-37,-37,-40,-39,-36,2
-37,-40,-39,-36,-40,2
-40,-39,-36,-40,-38,2
-39,-36,-40,-38,-45,2
-36,-40,-38,-45,-38,2
-40,-38,-45,-38,-38,2
-38,-45,-38,-38,-38,2
-45,-38,-38,-38,-51,2
-38,-38,-38,-51,-38,2
-38,-38,-51,-38,-40,2
-38,-51,-38,-40,-38,2
-51,-38,-40,-38,-38,2
-38,-40,-38,-38,-36,2
-40,-38,-38,-36,-51,2
-38,-38,-36,-51,-38,2
-38,-36,-51,-38,-51,2
-36,-51,-38,-51,-51,2
-51,-38,-51,-51,-40,2
-38,-51,-51,-40,-51,2
-51,-51,-40,-51,-37,2
-51,-40,-51,-37,-37,2
-40,-51,-37,-37,-37,2
-51,-37,-37,-37,-37,2
-37,-37,-37,-37,-37,2
-37,-37,-37,-37,-37,2
-37,-37,-37,-37,-37,2
-37,-37,-37,-37,-37,2
-37,-37,-37,-37,-37,2
-37,-37,-37,-37,-51,2
-37,-37,-37,-51,-34,2
-37,-37,-51,-34,-51,2
-37,-51,-34,-51,-51,2
-51,-34,-51,-51,-41,2
-34,-51,-51,-41,-40,2
-51,-51,-41,-40,-50,2
-51,-41,-40,-50,-40,2
-41,-40,-50,-40,-40,2
-40,-50,-40,-40,-40,2
-50,-40,-40,-40,-40,2
-40,-40,-40,-40,-51,2
-40,-40,-40,-51,-51,2
-40,-40,-51,-51,-40,2
-40,-51,-51,-40,-40,2
-51,-51,-40,-40,-51,2
-51,-40,-40,-51,-51,2
-40,-40,-51,-51,-40,2
-40,-51,-51,-40,-37,2
-51,-51,-40,-37,-40,2
-51,-40,-37,-40,-38,2
-40,-37,-40,-38,-40,2
-37,-40,-38,-40,-36,2
-40,-38,-40,-36,-51,2
-38,-40,-36,-51,-38,2
-40,-36,-51,-38,-38,2
-36,-51,-38,-38,-38,2
-51,-38,-38,-38,-51,2
-38,-38,-38,-51,-38,2
-38,-38,-51,-38,-40,2
-38,-51,-38,-40,-51,2
-51,-38,-40,-51,-40,2
-38,-40,-51,-40,-38,2
-40,-51,-40,-38,-51,2
-51,-40,-38,-51,-51,2
-40,-38,-51,-51,-40,2
-38,-51,-51,-40,-38,2
-51,-51,-40,-38,-51,2
-51,-40,-38,-51,-50,2
-40,-38,-51,-50,-38,2
-38,-51,-50,-38,-38,2
-51,-50,-38,-38,-37,2
-50,-38,-38,-37,-40,2
-38,-38,-37,-40,-51,2
-38,-37,-40,-51,-40,2
-37,-40,-51,-40,-38,2
-40,-51,-40,-38,-38,2
-51,-40,-38,-38,-51,2
-40,-38,-38,-51,-40,2
-38,-38,-51,-40,-38,2
-38,-51,-40,-38,-40,2
-51,-40,-38,-40,-40,2
-40,-38,-40,-40,-51,2
-38,-40,-40,-51,-38,2
-40,-40,-51,-38,-40,2
-40,-51,-38,-40,-36,2
-51,-38,-40,-36,-38,2
-38,-40,-36,-38,-51,2
-40,-36,-38,-51,-40,2
-36,-38,-51,-40,-38,2
-38,-51,-40,-38,-40,2
-51,-40,-38,-40,-35,2
-40,-38,-40,-35,-40,2
-38,-40,-35,-40,-38,2
-40,-35,-40,-38,-40,2
-35,-40,-38,-40,-51,2
-40,-38,-40,-51,-51,2
-38,-40,-51,-51,-40,2
-40,-51,-51,-40,-37,2
-51,-51,-40,-37,-51,2
-51,-40,-37,-51,-51,2
-40,-37,-51,-51,-40,2
-37,-51,-51,-40,-39,2
-51,-51,-40,-39,-40,2
-51,-40,-39,-40,-40,2
-40,-39,-40,-40,-40,2
-39,-40,-40,-40,-51,2
-40,-40,-40,-51,-35,2
-40,-40,-51,-35,-40,2
-40,-51,-35,-40,-41,2
-51,-35,-40,-41,-38,2
-35,-40,-41,-38,-51,2
-40,-41,-38,-51,-40,2
-41,-38,-51,-40,-38,2
-38,-51,-40,-38,-40,2
-51,-40,-38,-40,-51,2
-40,-38,-40,-51,-40,2
-38,-40,-51,-40,-40,2
-48,-54,-47,-47,-47,2
-54,-47,-47,-47,-54,2
-47,-47,-47,-54,-54,2
-47,-47,-54,-54,-47,2
-47,-54,-54,-47,-48,2
-54,-54,-47,-48,-46,2
-54,-47,-48,-46,-46,2
-47,-48,-46,-46,-47,2
-48,-46,-46,-47,-54,2
-46,-46,-47,-54,-49,2
-46,-47,-54,-49,-54,2
-47,-54,-49,-54,-48,2
-54,-49,-54,-48,-54,2
-49,-54,-48,-54,-54,2
-54,-48,-54,-54,-47,2
-48,-54,-54,-47,-54,2
-54,-54,-47,-54,-54,2
-54,-47,-54,-54,-47,2
-47,-54,-54,-47,-48,2
-54,-54,-47,-48,-54,2
-54,-47,-48,-54,-47,2
-47,-48,-54,-47,-49,2
-48,-54,-47,-49,-54,2
-54,-47,-49,-54,-51,2
-47,-49,-54,-51,-54,2
-49,-54,-51,-54,-49,2
-54,-51,-54,-49,-54,2
-51,-54,-49,-54,-47,2
-54,-49,-54,-47,-47,2
-49,-54,-47,-47,-53,2
-54,-47,-47,-53,-47,2
-47,-47,-53,-47,-54,2
-47,-53,-47,-54,-54,2
-53,-47,-54,-54,-47,2
-47,-54,-54,-47,-47,2
-54,-54,-47,-47,-48,2
-54,-47,-47,-48,-49,2
-47,-47,-48,-49,-49,2
-47,-48,-49,-49,-54,2
-48,-49,-49,-54,-54,2
-49,-49,-54,-54,-51,2
-49,-54,-54,-51,-54,2
-54,-54,-51,-54,-48,2
-54,-51,-54,-48,-47,2
-51,-54,-48,-47,-49,2
-54,-48,-47,-49,-47,2
-48,-47,-49,-47,-49,2
-47,-49,-47,-49,-47,2
-49,-47,-49,-47,-51,2
-47,-49,-47,-51,-47,2
-49,-47,-51,-47,-48,2
-47,-51,-47,-48,-47,2
-51,-47,-48,-47,-54,2
-47,-48,-47,-54,-47,2
-48,-47,-54,-47,-49,2
-47,-54,-47,-49,-47,2
-54,-47,-49,-47,-54,2
-47,-49,-47,-54,-54,2
-49,-47,-54,-54,-49,2
-47,-54,-54,-49,-54,2
-54,-54,-49,-54,-44,2
-54,-49,-54,-44,-49,2
-49,-54,-44,-49,-54,2
-54,-44,-49,-54,-47,2
-44,-49,-54,-47,-54,2
-49,-54,-47,-54,-47,2
-54,-47,-54,-47,-49,2
-47,-54,-47,-49,-49,2
-54,-47,-49,-49,-47,2
-47,-49,-49,-47,-47,2
-49,-49,-47,-47,-54,2
-49,-47,-47,-54,-47,2
-47,-47,-54,-47,-49,2
-47,-54,-47,-49,-49,2
-54,-47,-49,-49,-49,2
-47,-49,-49,-49,-47,2
-49,-49,-49,-47,-49,2
-49,-49,-47,-49,-49,2
-49,-47,-49,-49,-49,2
-47,-49,-49,-49,-50,2
-49,-49,-49,-50,-49,2
-49,-49,-50,-49,-54,2
-49,-50,-49,-54,-51,2
-50,-49,-54,-51,-46,2
-49,-54,-51,-46,-54,2
-54,-51,-46,-54,-51,2
-51,-46,-54,-51,-46,2
-46,-54,-51,-46,-54,2
-54,-51,-46,-54,-50,2
-51,-46,-54,-50,-54,2
-46,-54,-50,-54,-54,2
-54,-50,-54,-54,-49,2
-50,-54,-54,-49,-54,2
-54,-54,-49,-54,-50,2
-54,-49,-54,-50,-47,2
-49,-54,-50,-47,-49,2
-54,-50,-47,-49,-54,2
-50,-47,-49,-54,-54,2
-47,-49,-54,-54,-47,2
-49,-54,-54,-47,-54,2
-54,-54,-47,-54,-51,2
-54,-47,-54,-51,-46,2
-47,-54,-51,-46,-54,2
-54,-51,-46,-54,-48,2
-51,-46,-54,-48,-50,2
-46,-54,-48,-50,-54,2
-54,-48,-50,-54,-54,2
-48,-50,-54,-54,-51,2
-50,-54,-54,-51,-46,2
-54,-54,-51,-46,-50,2
-54,-51,-46,-50,-47,2
-51,-46,-50,-47,-51,2
-46,-50,-47,-51,-49,2
-50,-47,-51,-49,-49,2
-47,-51,-49,-49,-47,2
-51,-49,-49,-47,-55,2
-49,-49,-47,-55,-50,2
-49,-47,-55,-50,-48,2
-47,-55,-50,-48,-50,2
-55,-50,-48,-50,-44,2
-50,-48,-50,-44,-49,2
-48,-50,-44,-49,-54,2
-50,-44,-49,-54,-54,2
-44,-49,-54,-54,-51,2
-49,-54,-54,-51,-46,2
-54,-54,-51,-46,-54,2
-54,-51,-46,-54,-44,2
-51,-46,-54,-44,-47,2
-46,-54,-44,-47,-47,2
-54,-44,-47,-47,-44,2
-44,-47,-47,-44,-46,2
-47,-47,-44,-46,-48,2
-47,-44,-46,-48,-49,2
-44,-46,-48,-49,-50,2
-46,-48,-49,-50,-49,2
-48,-49,-50,-49,-47,2
-49,-50,-49,-47,-47,2
-50,-49,-47,-47,-47,2
-49,-47,-47,-47,-46,2
-47,-47,-47,-46,-50,2
-47,-47,-46,-50,-50,2
-47,-46,-50,-50,-46,2
-46,-50,-50,-46,-49,2
-50,-50,-46,-49,-49,2
-50,-46,-49,-49,-32,2
-46,-49,-49,-32,-50,2
-49,-49,-32,-50,-49,2
-49,-32,-50,-49,-54,2
-32,-50,-49,-54,-49,2
-50,-49,-54,-49,-49,2
-49,-54,-49,-49,-49,2
-54,-49,-49,-49,-49,2
-49,-49,-49,-49,-51,2
-49,-49,-49,-51,-46,2
-49,-49,-51,-46,-51,2
-49,-51,-46,-51,-51,2
-51,-46,-51,-51,-49,2
-46,-51,-51,-49,-54,2
-51,-51,-49,-54,-52,2
-51,-49,-54,-52,-45,2
-49,-54,-52,-45,-54,2
-54,-52,-45,-54,-47,2
-52,-45,-54,-47,-46,2
-45,-54,-47,-46,-47,2
-54,-47,-46,-47,-49,2
-47,-46,-47,-49,-44,2
-46,-47,-49,-44,-47,2
-47,-49,-44,-47,-49,2
-49,-44,-47,-49,-49,2
-44,-47,-49,-49,-54,2
-47,-49,-49,-54,-48,2
-49,-49,-54,-48,-47,2
-49,-54,-48,-47,-51,2
-54,-48,-47,-51,-47,2
-48,-47,-51,-47,-47,2
-47,-51,-47,-47,-45,2
-51,-47,-47,-45,-49,2
-47,-47,-45,-49,-49,2
-47,-45,-49,-49,-51,2
-45,-49,-49,-51,-45,2
-49,-49,-51,-45,-54,2
-49,-51,-45,-54,-49,2
-51,-45,-54,-49,-44,2
-45,-54,-49,-44,-49,2
-54,-49,-44,-49,-54,2
-49,-44,-49,-54,-49,2
-44,-49,-54,-49,-45,2
-49,-54,-49,-45,-44,2
-54,-49,-45,-44,-52,2
-49,-45,-44,-52,-49,2
-45,-44,-52,-49,-47,2
-44,-52,-49,-47,-47,2
-52,-49,-47,-47,-52,2
-49,-47,-47,-52,-46,2
-47,-47,-52,-46,-49,2
-47,-52,-46,-49,-49,2
-52,-46,-49,-49,-46,2
-46,-49,-49,-46,-44,2
-49,-49,-46,-44,-54,2
-49,-46,-44,-54,-54,2
-46,-44,-54,-54,-50,2
-44,-54,-54,-50,-49,2
-54,-54,-50,-49,-48,2
-54,-50,-49,-48,-49,2
-50,-49,-48,-49,-49,2
-49,-48,-49,-49,-47,2
-48,-49,-49,-47,-49,2
-49,-49,-47,-49,-47,2
-49,-47,-49,-47,-49,2
-47,-49,-47,-49,-49,2
-49,-47,-49,-49,-47,2
-47,-49,-49,-47,-55,2
-49,-49,-47,-55,-47,2
-49,-47,-55,-47,-54,2
-47,-55,-47,-54,-51,2
-55,-47,-54,-51,-55,2
-47,-54,-51,-55,-49,2
-54,-51,-55,-49,-49,2
-51,-55,-49,-49,-48,2
-55,-49,-49,-48,-50,2
-49,-49,-48,-50,-47,2
-49,-48,-50,-47,-49,2
-48,-50,-47,-49,-48,2
-50,-47,-49,-48,-47,2
-47,-49,-48,-47,-45,2
-49,-48,-47,-45,-52,2
-48,-47,-45,-52,-55,2
-47,-45,-52,-55,-47,2
-45,-52,-55,-47,-52,2
-52,-55,-47,-52,-54,2
-55,-47,-52,-54,-47,2
-47,-52,-54,-47,-52,2
-52,-54,-47,-52,-47,2
-54,-47,-52,-47,-50,2
-47,-52,-47,-50,-47,2
-52,-47,-50,-47,-49,2
-47,-50,-47,-49,-47,2
-50,-47,-49,-47,-49,2
-47,-49,-47,-49,-47,2
-49,-47,-49,-47,-49,2
-47,-49,-47,-49,-54,2
-49,-47,-49,-54,-31,2
-47,-49,-54,-31,-47,2
-49,-54,-31,-47,-52,2
-54,-31,-47,-52,-54,2
-31,-47,-52,-54,-50,2
-47,-52,-54,-50,-55,2
-52,-54,-50,-55,-47,2
-54,-50,-55,-47,-51,2
-50,-55,-47,-51,-49,2
-55,-47,-51,-49,-44,2
-47,-51,-49,-44,-52,2
-51,-49,-44,-52,-52,2
-49,-44,-52,-52,-55,2
-44,-52,-52,-55,-49,2
-52,-52,-55,-49,-47,2
-52,-55,-49,-47,-46,2
-55,-49,-47,-46,-47,2
-49,-47,-46,-47,-50,2
-47,-46,-47,-50,-48,2
-46,-47,-50,-48,-47,2
-47,-50,-48,-47,-48,2
-50,-48,-47,-48,-55,2
-48,-47,-48,-55,-47,2
-47,-48,-55,-47,-52,2
-48,-55,-47,-52,-52,2
-55,-47,-52,-52,-52,2
-47,-52,-52,-52,-55,2
-52,-52,-52,-55,-54,2
-52,-52,-55,-54,-55,2
-52,-55,-54,-55,-47,2
-55,-54,-55,-47,-46,2
-54,-55,-47,-46,-49,2
-55,-47,-46,-49,-55,2
-47,-46,-49,-55,-45,2
-46,-49,-55,-45,-54,2
-49,-55,-45,-54,-49,2
-55,-45,-54,-49,-50,2
-45,-54,-49,-50,-47,2
-54,-49,-50,-47,-47,2
-49,-50,-47,-47,-53,2
-50,-47,-47,-53,-47,2
-47,-47,-53,-47,-55,2
-47,-53,-47,-55,-54,2
-53,-47,-55,-54,-47,2
-47,-55,-54,-47,-47,2
-55,-54,-47,-47,-47,2
-54,-47,-47,-47,-49,2
-47,-47,-47,-49,-47,2
-47,-47,-49,-47,-49,2
-47,-49,-47,-49,-54,2
-49,-47,-49,-54,-47,2
-47,-49,-54,-47,-47,2
-49,-54,-47,-47,-48,2
-54,-47,-47,-48,-50,2
-47,-47,-48,-50,-50,2
-47,-48,-50,-50,-55,2
-48,-50,-50,-55,-48,2
-50,-50,-55,-48,-54,2
-50,-55,-48,-54,-55,2
-55,-48,-54,-55,-49,2
-48,-54,-55,-49,-46,2
-54,-55,-49,-46,-47,2
-55,-49,-46,-47,-47,2
-49,-46,-47,-47,-55,2
-46,-47,-47,-55,-52,2
-47,-47,-55,-52,-52,2
-47,-55,-52,-52,-47,2
-55,-52,-52,-47,-44,2
-52,-52,-47,-44,-51,2
-52,-47,-44,-51,-51,2
-47,-44,-51,-51,-48,2
-44,-51,-51,-48,-47,2
-51,-51,-48,-47,-47,2
-51,-48,-47,-47,-45,2
-48,-47,-47,-45,-54,2
-47,-47,-45,-54,-49,2
-47,-45,-54,-49,-54,2
-45,-54,-49,-54,-52,2
-54,-49,-54,-52,-54,2
-49,-54,-52,-54,-52,2
-54,-52,-54,-52,-46,2
-52,-54,-52,-46,-49,2
-54,-52,-46,-49,-47,2
-52,-46,-49,-47,-49,2
-46,-49,-47,-49,-47,2
-49,-47,-49,-47,-48,2
-47,-49,-47,-48,-51,2
-49,-47,-48,-51,-55,2
-47,-48,-51,-55,-45,2
-48,-51,-55,-45,-50,2
-51,-55,-45,-50,-51,2
-55,-45,-50,-51,-45,2
-45,-50,-51,-45,-48,2
-50,-51,-45,-48,-55,2
-51,-45,-48,-55,-45,2
-45,-48,-55,-45,-52,2
-48,-55,-45,-52,-54,2
-55,-45,-52,-54,-47,2
-45,-52,-54,-47,-47,2
-47,-49,-51,-49,-47,2
-49,-51,-49,-47,-49,2
-51,-49,-47,-49,-55,2
-49,-47,-49,-55,-46,2
-47,-49,-55,-46,-47,2
-49,-55,-46,-47,-55,2
-55,-46,-47,-55,-47,2
-46,-47,-55,-47,-49,2
-47,-55,-47,-49,-44,2
-55,-47,-49,-44,-49,2
-47,-49,-44,-49,-55,2
-49,-44,-49,-55,-55,2
-44,-49,-55,-55,-49,2
-49,-55,-55,-49,-48,2
-55,-55,-49,-48,-47,2
-55,-49,-48,-47,-49,2
-49,-48,-47,-49,-47,2
-48,-47,-49,-47,-49,2
-47,-49,-47,-49,-47,2
-49,-47,-49,-47,-53,2
-47,-49,-47,-53,-47,2
-49,-47,-53,-47,-49,2
-47,-53,-47,-49,-49,2
-53,-47,-49,-49,-47,2
-47,-49,-49,-47,-55,2
-49,-49,-47,-55,-51,2
-49,-47,-55,-51,-51,2
-47,-55,-51,-51,-52,2
-55,-51,-51,-52,-49,2
-51,-51,-52,-49,-54,2
-51,-52,-49,-54,-52,2
-52,-49,-54,-52,-55,2
-49,-54,-52,-55,-47,2
-54,-52,-55,-47,-47,2
-52,-55,-47,-47,-47,2
-55,-47,-47,-47,-47,2
-47,-47,-47,-47,-49,2
-47,-47,-47,-49,-44,2
-47,-47,-49,-44,-55,2
-47,-49,-44,-55,-44,2
-49,-44,-55,-44,-49,2
-44,-55,-44,-49,-55,2
-55,-44,-49,-55,-49,2
-44,-49,-55,-49,-51,2
-49,-55,-49,-51,-49,2
-55,-49,-51,-49,-51,2
-49,-51,-49,-51,-51,2
-51,-49,-51,-51,-47,2
-49,-51,-51,-47,-49,2
-51,-51,-47,-49,-47,2
-51,-47,-49,-47,-49,2
-47,-49,-47,-49,-47,2
-49,-47,-49,-47,-48,2
-47,-49,-47,-48,-47,2
-49,-47,-48,-47,-48,2
-47,-48,-47,-48,-47,2
-48,-47,-48,-47,-48,2
-47,-48,-47,-48,-44,2
-48,-47,-48,-44,-54,2
-47,-48,-44,-54,-46,2
-48,-44,-54,-46,-49,2
-44,-54,-46,-49,-55,2
-54,-46,-49,-55,-47,2
-46,-49,-55,-47,-49,2
-49,-55,-47,-49,-46,2
-55,-47,-49,-46,-52,2
-47,-49,-46,-52,-53,2
-49,-46,-52,-53,-50,2
-46,-52,-53,-50,-47,2
-52,-53,-50,-47,-44,2
-53,-50,-47,-44,-49,2
-50,-47,-44,-49,-55,2
-47,-44,-49,-55,-44,2
-44,-49,-55,-44,-55,2
-49,-55,-44,-55,-44,2
-55,-44,-55,-44,-46,2
-44,-55,-44,-46,-49,2
-55,-44,-46,-49,-55,2
-44,-46,-49,-55,-55,2
-46,-49,-55,-55,-55,2
-49,-55,-55,-55,-54,2
-55,-55,-55,-54,-44,2
-55,-55,-54,-44,-50,2
-55,-54,-44,-50,-55,2
-54,-44,-50,-55,-47,2
-44,-50,-55,-47,-55,2
-50,-55,-47,-55,-55,2
-55,-47,-55,-55,-55,2
-47,-55,-55,-55,-44,2
-55,-55,-55,-44,-44,2
-55,-55,-44,-44,-47,2
-55,-44,-44,-47,-49,2
-44,-44,-47,-49,-48,2
-44,-47,-49,-48,-45,2
-47,-49,-48,-45,-55,2
-49,-48,-45,-55,-45,2
-48,-45,-55,-45,-55,2
-45,-55,-45,-55,-47,2
-55,-45,-55,-47,-50,2
-45,-55,-47,-50,-49,2
-55,-47,-50,-49,-47,2
-47,-50,-49,-47,-49,2
-50,-49,-47,-49,-55,2
-49,-47,-49,-55,-51,2
-47,-49,-55,-51,-44,2
-49,-55,-51,-44,-44,2
-55,-51,-44,-44,-47,2
-51,-44,-44,-47,-47,2
-44,-44,-47,-47,-55,2
-44,-47,-47,-55,-47,2
-47,-47,-55,-47,-47,2
-47,-55,-47,-47,-52,2
-55,-47,-47,-52,-47,2
-47,-47,-52,-47,-47,2
-47,-52,-47,-47,-48,2
-52,-47,-47,-48,-47,2
-47,-47,-48,-47,-47,2
-47,-48,-47,-47,-47,2
-48,-47,-47,-47,-53,2
-47,-47,-47,-53,-47,2
-47,-47,-53,-47,-55,2
-47,-53,-47,-55,-47,2
-53,-47,-55,-47,-49,2
-47,-55,-47,-49,-49,2
-55,-47,-49,-49,-49,2
-47,-49,-49,-49,-55,2
-49,-49,-49,-55,-55,2
-49,-49,-55,-55,-51,2
-49,-55,-55,-51,-47,2
-55,-55,-51,-47,-49,2
-55,-51,-47,-49,-55,2
-51,-47,-49,-55,-47,2
-47,-49,-55,-47,-49,2
-49,-55,-47,-49,-47,2
-55,-47,-49,-47,-46,2
-47,-49,-47,-46,-49,2
-49,-47,-46,-49,-47,2
-47,-46,-49,-47,-52,2
-46,-49,-47,-52,-49,2
-49,-47,-52,-49,-55,2
-47,-52,-49,-55,-55,2
-52,-49,-55,-55,-33,2
-49,-55,-55,-33,-49,2
-55,-55,-33,-49,-55,2
-55,-33,-49,-55,-49,2
-33,-49,-55,-49,-51,2
-49,-55,-49,-51,-55,2
-55,-49,-51,-55,-55,2
-49,-51,-55,-55,-47,2
-51,-55,-55,-47,-47,2
-55,-55,-47,-47,-47,2
-55,-47,-47,-47,-47,2
-47,-47,-47,-47,-55,2
-47,-47,-47,-55,-49,2
-47,-47,-55,-49,-49,2
-47,-55,-49,-49,-51,2
-55,-49,-49,-51,-49,2
-49,-49,-51,-49,-51,2
-49,-51,-49,-51,-53,2
-51,-49,-51,-53,-49,2
-49,-51,-53,-49,-49,2
-51,-53,-49,-49,-49,2
-53,-49,-49,-49,-53,2
-49,-49,-49,-53,-54,2
-49,-49,-53,-54,-44,2
-49,-53,-54,-44,-49,2
-53,-54,-44,-49,-55,2
-54,-44,-49,-55,-47,2
-44,-49,-55,-47,-49,2
-49,-55,-47,-49,-52,2
-55,-47,-49,-52,-47,2
-47,-49,-52,-47,-49,2
-49,-52,-47,-49,-47,2
-52,-47,-49,-47,-47,2
-47,-49,-47,-47,-47,2
-49,-47,-47,-47,-47,2
-47,-47,-47,-47,-52,2
-47,-47,-47,-52,-49,2
-47,-47,-52,-49,-49,2
-47,-52,-49,-49,-46,2
-52,-49,-49,-46,-49,2
-49,-49,-46,-49,-54,2
-49,-46,-49,-54,-47,2
-46,-49,-54,-47,-55,2
-49,-54,-47,-55,-49,2
-54,-47,-55,-49,-49,2
-47,-55,-49,-49,-44,2
-55,-49,-49,-44,-52,2
-49,-49,-44,-52,-55,2
-49,-44,-52,-55,-47,2
-44,-52,-55,-47,-55,2
-52,-55,-47,-55,-47,2
-55,-47,-55,-47,-44,2
-47,-55,-47,-44,-48,2
-55,-47,-44,-48,-49,2
-47,-44,-48,-49,-55,2
-44,-48,-49,-55,-47,2
-48,-49,-55,-47,-49,2
-49,-55,-47,-49,-48,2
-55,-47,-49,-48,-47,2
-47,-49,-48,-47,-47,2
-49,-48,-47,-47,-44,2
-48,-47,-47,-44,-46,2
-47,-47,-44,-46,-47,2
-47,-44,-46,-47,-49,2
-44,-46,-47,-49,-51,2
-46,-47,-49,-51,-55,2
-47,-49,-51,-55,-49,2
-49,-51,-55,-49,-49,2
-51,-55,-49,-49,-46,2
-55,-49,-49,-46,-51,2
-49,-49,-46,-51,-47,2
-49,-46,-51,-47,-47,2
-46,-51,-47,-47,-49,2
-51,-47,-47,-49,-44,2
-47,-47,-49,-44,-47,2
-47,-49,-44,-47,-49,2
-49,-44,-47,-49,-49,2
-44,-47,-49,-49,-49,2
-47,-49,-49,-49,-44,2
-49,-49,-49,-44,-49,2
-49,-49,-44,-49,-49,2
-49,-44,-49,-49,-44,2
-44,-49,-49,-44,-56,2
-49,-49,-44,-56,-49,2
-49,-44,-56,-49,-53,2
-44,-56,-49,-53,-47,2
-56,-49,-53,-47,-47,2
-49,-53,-47,-47,-47,2
-53,-47,-47,-47,-56,2
-47,-47,-47,-56,-47,2
-47,-47,-56,-47,-47,2
-47,-56,-47,-47,-47,2
-56,-47,-47,-47,-47,2
-47,-47,-47,-47,-51,2
-47,-47,-47,-51,-51,2
-47,-47,-51,-51,-47,2
-47,-51,-51,-47,-51,2
-51,-51,-47,-51,-49,2
-51,-47,-51,-49,-51,2
-47,-51,-49,-51,-49,2
-51,-49,-51,-49,-47,2
-49,-51,-49,-47,-50,2
-51,-49,-47,-50,-53,2
-49,-47,-50,-53,-49,2
-47,-50,-53,-49,-47,2
-50,-53,-49,-47,-49,2
-53,-49,-47,-49,-47,2
-49,-47,-49,-47,-55,2
-47,-49,-47,-55,-47,2
-49,-47,-55,-47,-49,2
-47,-55,-47,-49,-51,2
-55,-47,-49,-51,-55,2
-47,-49,-51,-55,-47,2
-49,-51,-55,-47,-47,2
-51,-55,-47,-47,-52,2
-55,-47,-47,-52,-47,2
-47,-47,-52,-47,-47,2
-47,-52,-47,-47,-47,2
-52,-47,-47,-47,-47,2
-47,-47,-47,-47,-47,2
-47,-47,-47,-47,-47,2
-47,-47,-47,-47,-47,2
-47,-47,-47,-47,-44,2
-47,-47,-47,-44,-51,2
-47,-47,-44,-51,-55,2
-47,-44,-51,-55,-49,2
-44,-51,-55,-49,-46,2
-51,-55,-49,-46,-55,2
-55,-49,-46,-55,-49,2
-49,-46,-55,-49,-55,2
-46,-55,-49,-55,-49,2
-55,-49,-55,-49,-49,2
-49,-55,-49,-49,-47,2
-55,-49,-49,-47,-55,2
-49,-49,-47,-55,-47,2
-49,-47,-55,-47,-48,2
-47,-55,-47,-48,-55,2
-55,-47,-48,-55,-49,2
-47,-48,-55,-49,-51,2
-48,-55,-49,-51,-49,2
-55,-49,-51,-49,-47,2
-49,-51,-49,-47,-55,2
-51,-49,-47,-55,-55,2
-49,-47,-55,-55,-52,2
-47,-55,-55,-52,-45,2
-55,-55,-52,-45,-51,2
-55,-52,-45,-51,-55,2
-52,-45,-51,-55,-49,2
-45,-51,-55,-49,-56,2
-51,-55,-49,-56,-47,2
-55,-49,-56,-47,-47,2
-49,-56,-47,-47,-48,2
-56,-47,-47,-48,-52,2
-47,-47,-48,-52,-55,2
-47,-48,-52,-55,-47,2
-48,-52,-55,-47,-49,2
-52,-55,-47,-49,-53,2
-55,-47,-49,-53,-44,2
-47,-49,-53,-44,-47,2
-49,-53,-44,-47,-49,2
-53,-44,-47,-49,-53,2
-44,-47,-49,-53,-49,2
-47,-49,-53,-49,-47,2
-49,-53,-49,-47,-47,2
-53,-49,-47,-47,-55,2
-49,-47,-47,-55,-49,2
-47,-47,-55,-49,-47,2
-47,-55,-49,-47,-49,2
-55,-49,-47,-49,-51,2
-49,-47,-49,-51,-55,2
-47,-49,-51,-55,-55,2
-49,-51,-55,-55,-47,2
-51,-55,-55,-47,-55,2
-55,-55,-47,-55,-48,2
-55,-47,-55,-48,-52,2
-47,-55,-48,-52,-49,2
-55,-48,-52,-49,-49,2
-48,-52,-49,-49,-47,2
-52,-49,-49,-47,-49,2
-49,-49,-47,-49,-49,2
-49,-47,-49,-49,-47,2
-47,-49,-49,-47,-52,2
-49,-49,-47,-52,-55,2
-49,-47,-52,-55,-49,2
-47,-52,-55,-49,-51,2
-52,-55,-49,-51,-47,2
-55,-49,-51,-47,-47,2
-49,-51,-47,-47,-55,2
-51,-47,-47,-55,-47,2
-47,-47,-55,-47,-55,2
-47,-55,-47,-55,-46,2
-55,-47,-55,-46,-55,2
-47,-55,-46,-55,-50,2
-55,-46,-55,-50,-53,2
-46,-55,-50,-53,-47,2
